Initializing wait objects...
Initializing debugger...
Initializing debugger functions...
Setting JSON memory management functions...
Getting directory information...
[headless] entering command loop...
[STATE] initialized
[TODO] Not implemented GUI_PROCESS_EVENTS (91)
Symbol Path: C:\Users\liuwenbo\Desktop\zb插件\_tools\x64dbg\release\x64\headless\symbols
Start file read thread...
Retrieving syscall indices...
Syscall indices loaded!
Error codes database loaded!
Exception codes database loaded!
NTSTATUS codes database loaded!
Windows constant database loaded!
Reading notes file...
File read thread finished!
Allocating message stack...
Initializing global script variables...
Registering debugger commands...
Registering GUI command handler...
Registering expression functions...
Registering format functions...
Registering Script DLL command handler...
Starting command loop...
Initialization successful!
Loading plugins...
Handling command line...
  "C:\Users\liuwenbo\Desktop\zb插件\_tools\x64dbg\release\x64\headless.exe" -a 6528 -cf C:\Users\liuwenbo\Desktop\zb插件\_tools\x64dbg\release\x64\bp_nav2.txt 
Database file: C:\Users\liuwenbo\Desktop\zb插件\_tools\x64dbg\release\x64\headless\db\ZBrush.exe.dd64
Process Started: 0000000140000000 C:\Program Files\Maxon ZBrush 2026\ZBrush.exe
  "C:\Program Files\Maxon ZBrush 2026\ZBrush.exe" C:\Users\liuwenbo\AppData\Local\Temp\test_scene.zpr 
  argv[0]: C:\Program Files\Maxon ZBrush 2026\ZBrush.exe
  argv[1]: C:\Users\liuwenbo\AppData\Local\Temp\test_scene.zpr
[SYMBOL] [DIA] Skipping non-existent PDB: .\symbols\ZBrush.pdb\A81DCA37A4B7465A816F78FB5804B9EB1\ZBrush.pdb
[SYMBOL] No symbols loaded for: zbrush.exe
[TODO] Not implemented GUI_PROCESS_EVENTS (91)
[headless] shutdown requested by Ctrl+C
[SYMBOL] [DIA] Skipping non-existent PDB: C:\gitlab-runner-zbrush\builds\PhSzstTx\0\maxondev\dev\zbrush\zbrush\zbrushsrc\code\build\win\bin\Release\ZBrush.pdb
[SYMBOL] No symbols loaded for: zbrush.exe
[SYMBOL] [DIA] Skipping non-existent PDB: C:\Program Files\Maxon ZBrush 2026\ZBrush.pdb
[SYMBOL] No symbols loaded for: zbrush.exe
[SYMBOL] [DIA] Skipping non-existent PDB: C:\Program Files\Maxon ZBrush 2026\zbrush.pdb
[SYMBOL] No symbols loaded for: zbrush.exe
Module zbrush.exe loaded from disk path
Stopping command thread...
[TODO] Not implemented GUI_PROCESS_EVENTS (91)
[STATE] running
[STATE] running
[SYMBOL] [DIA] Skipping non-existent PDB: .\symbols\ntdll.pdb\5A9F4004DB806B50BCBD7B6C55417B041\ntdll.pdb
[SYMBOL] No symbols loaded for: ntdll.dll
[SYMBOL] [DIA] Skipping non-existent PDB: C:\Windows\System32\ntdll.pdb
Attached to process!
[SYMBOL] No symbols loaded for: ntdll.dll
[SYMBOL] [DIA] Skipping non-existent PDB: C:\Windows\System32\ntdll.pdb
[SYMBOL] No symbols loaded for: ntdll.dll
[TODO] Not implemented GUI_PROCESS_EVENTS (91)
[SYMBOL] [DIA] Skipping non-existent PDB: .\symbols\kernel32.pdb\F7B745DE7A69EF1B7C8BE0C4FDED10A11\kernel32.pdb
[SYMBOL] No symbols loaded for: kernel32.dll
[SYMBOL] [DIA] Skipping non-existent PDB: C:\Windows\System32\kernel32.pdb
[SYMBOL] No symbols loaded for: kernel32.dll
[SYMBOL] [DIA] Skipping non-existent PDB: C:\Windows\System32\kernel32.pdb
[SYMBOL] No symbols loaded for: kernel32.dll
[SYMBOL] [DIA] Skipping non-existent PDB: .\symbols\kernelbase.pdb\92F6993C1974DB86F9A4DE4D51FB4CB41\kernelbase.pdb
[SYMBOL] No symbols loaded for: kernelbase.dll
[SYMBOL] [DIA] Skipping non-existent PDB: C:\Windows\System32\kernelbase.pdb
[SYMBOL] No symbols loaded for: kernelbase.dll
[SYMBOL] [DIA] Skipping non-existent PDB: C:\Windows\System32\kernelbase.pdb
[SYMBOL] No symbols loaded for: kernelbase.dll
DLL Loaded: 00007FFF08A60000 C:\Windows\System32\ntdll.dll
Thread 23592 created, Entry: 00007FFF05553780, Parameter: 00000000088FF660
Thread 20676 created, Entry: ntdll.00007FFF08AD5B10, Parameter: 00000000089B36F0
Thread 17172 created, Entry: 00007FFF07C13E80, Parameter: 000000000D62FCA0
Thread 13964 created, Entry: ntdll.00007FFF08AD5B10, Parameter: 000000000BF2EE60
Thread 19828 created, Entry: ntdll.00007FFF08AD5B10, Parameter: 000000000C048B60
Thread 2700 created, Entry: ntdll.00007FFF08AD5B10, Parameter: 000000000C04E170
Thread 516 created, Entry: 00007FFF055E5050, Parameter: 0000000000000000
Thread 5544 created, Entry: 00007FFF055E5050, Parameter: 0000000000000000
Thread 7652 created, Entry: 00007FFF055E5050, Parameter: 0000000000000000
Thread 3992 created, Entry: 00007FFED0258510, Parameter: 000000001A9CFF38
Thread 20432 created, Entry: 00007FFF055E5050, Parameter: 0000000000000000
Thread 10984 created, Entry: 00007FFF055E5050, Parameter: 0000000000000000
Thread 10904 created, Entry: 00007FFF055E5050, Parameter: 0000000000000000
Thread 16844 created, Entry: 00007FFF055E5050, Parameter: 0000000000000000
Thread 6052 created, Entry: 00007FFF055E5050, Parameter: 0000000000000000
Thread 14516 created, Entry: 00007FFF055E5050, Parameter: 0000000000000000
Thread 18968 created, Entry: 00007FFEAD24A540, Parameter: 0000000000000000
Thread 6244 created, Entry: 00007FFEAD24A540, Parameter: 000000002AFBFEC0
Thread 23044 created, Entry: 00007FFEAD24A540, Parameter: 0000000000000000
Thread 24704 created, Entry: 00007FFEAD24A540, Parameter: 0000000000000000
Thread 17140 created, Entry: 00007FFEAD24A540, Parameter: 0000000000000000
Thread 7952 created, Entry: 00007FFEAD24A540, Parameter: 0000000000000000
Thread 26712 created, Entry: 00007FFEAD24A540, Parameter: 0000000000000000
Thread 21952 created, Entry: 00007FFEAD24A540, Parameter: 0000000000000000
Thread 26740 created, Entry: 00007FFEAD24A540, Parameter: 0000000000000000
Thread 11364 created, Entry: 00007FFEAD24A540, Parameter: 0000000000000000
Thread 18648 created, Entry: 00007FFEAD24A540, Parameter: 0000000000000000
Thread 7252 created, Entry: 00007FFEAD24A540, Parameter: 0000000000000000
Thread 26668 created, Entry: 00007FFEAD24A540, Parameter: 0000000000000000
Thread 24328 created, Entry: 00007FFEAD24A540, Parameter: 0000000000000000
Thread 27236 created, Entry: 00007FFEAD24A540, Parameter: 0000000000000000
Thread 27304 created, Entry: 00007FFEAD24A540, Parameter: 0000000000000000
Thread 12120 created, Entry: 00007FFEAD24A540, Parameter: 0000000000000000
Thread 15596 created, Entry: 00007FFEAD24A540, Parameter: 0000000000000000
Thread 23772 created, Entry: 00007FFEAD24A540, Parameter: 0000000000000000
Thread 14548 created, Entry: 00007FFEAD24A540, Parameter: 0000000000000000
Thread 24396 created, Entry: 00007FFEAD24A540, Parameter: 0000000000000000
Thread 26164 created, Entry: 00007FFF055E5050, Parameter: 0000000000000000
Thread 7648 created, Entry: 00007FFEAD24A540, Parameter: 0000000000000000
Thread 652 created, Entry: 00007FFEAD24A540, Parameter: 0000000000000000
Thread 4112 created, Entry: 00007FFEAD24A540, Parameter: 0000000000000000
Thread 7220 created, Entry: 00007FFEAD24A540, Parameter: 0000000000000000
Thread 3684 created, Entry: 00007FFEAD24A540, Parameter: 0000000000000000
Thread 8624 created, Entry: 00007FFEAD24A540, Parameter: 0000000000000000
Thread 3656 created, Entry: 00007FFEAD24A540, Parameter: 0000000000000000
Thread 7228 created, Entry: 00007FFEAD24A540, Parameter: 0000000000000000
Thread 5896 created, Entry: 00007FFEAD24A540, Parameter: 0000000000000000
Thread 23132 created, Entry: 00007FFEAD24A540, Parameter: 0000000000000000
Thread 9196 created, Entry: 00007FFEAD24A540, Parameter: 0000000000000000
Thread 672 created, Entry: 00007FFEAD24A540, Parameter: 0000000000000000
Thread 22928 created, Entry: 00007FFEAD24A540, Parameter: 0000000000000000
Thread 6780 created, Entry: 00007FFEAD24A540, Parameter: 0000000000000000
Thread 3448 created, Entry: 00007FFEAD24A540, Parameter: 0000000000000000
Thread 17108 created, Entry: 00007FFEAD24A540, Parameter: 0000000000000000
Thread 4360 created, Entry: 00007FFEAD24A540, Parameter: 0000000000000000
Thread 11844 created, Entry: 00007FFEAD24A540, Parameter: 0000000000000000
Thread 13160 created, Entry: 00007FFEAD24A540, Parameter: 0000000000000000
Thread 2328 created, Entry: 00007FFEAD24A540, Parameter: 0000000000000000
Thread 4252 created, Entry: 00007FFEAD24A540, Parameter: 0000000000000000
Thread 22796 created, Entry: 00007FFEAD24A540, Parameter: 0000000000000000
Thread 6932 created, Entry: 00007FFEAD24A540, Parameter: 0000000000000000
Thread 27588 created, Entry: 00007FFEAD24A540, Parameter: 0000000000000000
Thread 17728 created, Entry: 00007FFEAD24A540, Parameter: 0000000000000000
Thread 24200 created, Entry: 00007FFEAD24A540, Parameter: 0000000000000000
Thread 12124 created, Entry: 00007FFEAD24A540, Parameter: 0000000000000000
Thread 5656 created, Entry: 00007FFEAD24A540, Parameter: 0000000000000000
Thread 22872 created, Entry: 00007FFEAD24A540, Parameter: 0000000000000000
Thread 9916 created, Entry: 00007FFEAD24A540, Parameter: 0000000000000000
Thread 3424 created, Entry: 00007FFEAD24A540, Parameter: 0000000000000000
Thread 6816 created, Entry: 00007FFEAD24A540, Parameter: 0000000000000000
Thread 14924 created, Entry: 00007FFEAD24A540, Parameter: 0000000027922860
Thread 8556 created, Entry: 00007FFE3DBF2890, Parameter: 000000007C43FF40
Thread 13288 created, Entry: 00007FFF055E5050, Parameter: 000000011F0AF601
Thread 18592 created, Entry: 00007FFF055E5050, Parameter: 00000001203CF901
Thread 26136 created, Entry: 00007FFF055E5050, Parameter: 0000000000000000
Thread 26580 created, Entry: 000000011B336990, Parameter: 00000000001902B6
Thread 12160 created, Entry: 00007FFEE50F8650, Parameter: 0000000000000000
Thread 7112 created, Entry: 00007FFEE50F8650, Parameter: 0000000000000000
Thread 2276 created, Entry: 00007FFEE50F8650, Parameter: 0000000000000000
Thread 19252 created, Entry: 00007FFEE50F8650, Parameter: 0000000000000000
Thread 9568 created, Entry: 00007FFEE50F8650, Parameter: 0000000000000000
Thread 23640 created, Entry: 00007FFEE50F8650, Parameter: 0000000000000000
Thread 10504 created, Entry: 00007FFEE50F8650, Parameter: 0000000000000000
Thread 17836 created, Entry: 00007FFEE50F8650, Parameter: 0000000000000000
Thread 15212 created, Entry: 00007FFEE50F8650, Parameter: 0000000000000000
Thread 13144 created, Entry: 00007FFEE50F8650, Parameter: 0000000000000000
Thread 5716 created, Entry: 00007FFEE50F8650, Parameter: 0000000000000000
Thread 25800 created, Entry: 00007FFEE50F8650, Parameter: 0000000000000000
Thread 10272 created, Entry: 00007FFEE50F8650, Parameter: 0000000000000000
Thread 2816 created, Entry: 00007FFEE50F8650, Parameter: 0000000000000000
Thread 10392 created, Entry: 00007FFEE50F8650, Parameter: 0000000000000000
Thread 13764 created, Entry: 00007FFEE50F8650, Parameter: 0000000000000000
Thread 7436 created, Entry: 00007FFEE50F8650, Parameter: 0000000000000000
Thread 24368 created, Entry: 00007FFEE50F8650, Parameter: 0000000000000000
Thread 14508 created, Entry: 00007FFEE50F8650, Parameter: 0000000000000000
Thread 7344 created, Entry: 00007FFEE50F8650, Parameter: 0000000000000000
Thread 14028 created, Entry: 00007FFEE50F8650, Parameter: 0000000000000000
Thread 6028 created, Entry: 00007FFEE50F8650, Parameter: 0000000000000000
Thread 13248 created, Entry: 00007FFEE50F8650, Parameter: 0000000000000000
Thread 3300 created, Entry: 00007FFEE50F8650, Parameter: 0000000000000000
Thread 4060 created, Entry: 00007FFEE50F8650, Parameter: 0000000000000000
Thread 23776 created, Entry: 00007FFEE50F8650, Parameter: 0000000000000000
Thread 17072 created, Entry: 00007FFEE50F8650, Parameter: 0000000000000000
Thread 9968 created, Entry: 00007FFEE50F8650, Parameter: 0000000000000000
Thread 8780 created, Entry: 00007FFEE50F8650, Parameter: 0000000000000000
Thread 18728 created, Entry: ntdll.00007FFF08AD5B10, Parameter: 00000000CA3CE510
Thread 2972 created, Entry: zbrush.000000014D999400, Parameter: 0000000000000000
Thread 9156 created, Entry: zbrush.0000000140E30E60, Parameter: 00000000E268FF40
Thread 6476 created, Entry: ntdll.00007FFF08AD5B10, Parameter: 0000000112887740
Thread 10228 created, Entry: 00007FFF05553780, Parameter: 000000000355B480
DLL Loaded: 00007FFF07980000 C:\Windows\System32\kernel32.dll
[SYMBOL] [DIA] Skipping non-existent PDB: .\symbols\apphelp.pdb\FC904768F434BDBEE0011F0E215D339A1\apphelp.pdb
[SYMBOL] No symbols loaded for: apphelp.dll
[TODO] Not implemented GUI_PROCESS_EVENTS (91)
[SYMBOL] [DIA] Skipping non-existent PDB: C:\Windows\System32\apphelp.pdb
[SYMBOL] No symbols loaded for: apphelp.dll
[SYMBOL] [DIA] Skipping non-existent PDB: C:\Windows\System32\apphelp.pdb
[SYMBOL] No symbols loaded for: apphelp.dll
[SYMBOL] [DIA] Skipping non-existent PDB: .\symbols\AcLayers.pdb\B4AE94F41CD2C59FAA45C3DF5A87065C1\AcLayers.pdb
[SYMBOL] No symbols loaded for: aclayers.dll
[SYMBOL] [DIA] Skipping non-existent PDB: C:\Windows\System32\AcLayers.pdb
[SYMBOL] No symbols loaded for: aclayers.dll
[SYMBOL] [DIA] Skipping non-existent PDB: C:\Windows\System32\aclayers.pdb
[SYMBOL] No symbols loaded for: aclayers.dll
[SYMBOL] [DIA] Skipping non-existent PDB: .\symbols\msvcrt.pdb\00FC69E385F6C271A86005F3A6C1745B1\msvcrt.pdb
[SYMBOL] No symbols loaded for: msvcrt.dll
[SYMBOL] [DIA] Skipping non-existent PDB: C:\Windows\System32\msvcrt.pdb
[SYMBOL] No symbols loaded for: msvcrt.dll
[SYMBOL] [DIA] Skipping non-existent PDB: C:\Windows\System32\msvcrt.pdb
[SYMBOL] No symbols loaded for: msvcrt.dll
[SYMBOL] [DIA] Skipping non-existent PDB: .\symbols\AcGenral.pdb\A03258892C08A597339E44775D208F991\AcGenral.pdb
[SYMBOL] No symbols loaded for: acgenral.dll
DLL Loaded: 00007FFF05F10000 C:\Windows\System32\KernelBase.dll
DLL Loaded: 00007FFF02140000 C:\Windows\System32\apphelp.dll
DLL Loaded: 00007FFE41FB0000 C:\Windows\System32\AcLayers.dll
DLL Loaded: 00007FFF07F50000 C:\Windows\System32\msvcrt.dll
[SYMBOL] [DIA] Skipping non-existent PDB: C:\Windows\System32\AcGenral.pdb
[SYMBOL] No symbols loaded for: acgenral.dll
[TODO] Not implemented GUI_PROCESS_EVENTS (91)
[SYMBOL] [DIA] Skipping non-existent PDB: C:\Windows\System32\acgenral.pdb
[SYMBOL] No symbols loaded for: acgenral.dll
[SYMBOL] [DIA] Skipping non-existent PDB: .\symbols\sechost.pdb\44217D2AE286A1367EBE5D669CEB2E851\sechost.pdb
[SYMBOL] No symbols loaded for: sechost.dll
[SYMBOL] [DIA] Skipping non-existent PDB: C:\Windows\System32\sechost.pdb
[SYMBOL] No symbols loaded for: sechost.dll
[SYMBOL] [DIA] Skipping non-existent PDB: C:\Windows\System32\sechost.pdb
[SYMBOL] No symbols loaded for: sechost.dll
[SYMBOL] [DIA] Skipping non-existent PDB: .\symbols\shlwapi.pdb\BED020ABE44996A562FBA056CC41D8F51\shlwapi.pdb
[SYMBOL] No symbols loaded for: shlwapi.dll
[SYMBOL] [DIA] Skipping non-existent PDB: C:\Windows\System32\shlwapi.pdb
[SYMBOL] No symbols loaded for: shlwapi.dll
[SYMBOL] [DIA] Skipping non-existent PDB: C:\Windows\System32\shlwapi.pdb
[SYMBOL] No symbols loaded for: shlwapi.dll
[SYMBOL] [DIA] Skipping non-existent PDB: .\symbols\ucrtbase.pdb\563B3462C06DE9E47C5896A3A01E93821\ucrtbase.pdb
[SYMBOL] No symbols loaded for: ucrtbase.dll
[SYMBOL] [DIA] Skipping non-existent PDB: C:\Windows\System32\ucrtbase.pdb
[SYMBOL] No symbols loaded for: ucrtbase.dll
DLL Loaded: 00007FFEDA200000 C:\Windows\System32\AcGenral.dll
DLL Loaded: 00007FFF08030000 C:\Windows\System32\sechost.dll
DLL Loaded: 00007FFF07A90000 C:\Windows\System32\shlwapi.dll
[SYMBOL] [DIA] Skipping non-existent PDB: C:\Windows\System32\ucrtbase.pdb
[SYMBOL] No symbols loaded for: ucrtbase.dll
[TODO] Not implemented GUI_PROCESS_EVENTS (91)
[SYMBOL] [DIA] Skipping non-existent PDB: .\symbols\Windows.Storage.pdb\FA3BF0701EBD655CD7B3691D3BF1C00A1\Windows.Storage.pdb
[SYMBOL] No symbols loaded for: windows.storage.dll
[SYMBOL] [DIA] Skipping non-existent PDB: C:\Windows\System32\Windows.Storage.pdb
[SYMBOL] No symbols loaded for: windows.storage.dll
[SYMBOL] [DIA] Skipping non-existent PDB: C:\Windows\System32\windows.storage.pdb
[SYMBOL] No symbols loaded for: windows.storage.dll
[SYMBOL] [DIA] Skipping non-existent PDB: .\symbols\combase.pdb\CED1F2D36A033376DCF0CA4E23430E161\combase.pdb
[SYMBOL] No symbols loaded for: combase.dll
[SYMBOL] [DIA] Skipping non-existent PDB: C:\Windows\System32\combase.pdb
[SYMBOL] No symbols loaded for: combase.dll
[SYMBOL] [DIA] Skipping non-existent PDB: C:\Windows\System32\combase.pdb
[SYMBOL] No symbols loaded for: combase.dll
[SYMBOL] [DIA] Skipping non-existent PDB: .\symbols\rpcrt4.pdb\15F09BDB5E19FCD88FFDD56E46CA42391\rpcrt4.pdb
[SYMBOL] No symbols loaded for: rpcrt4.dll
[SYMBOL] [DIA] Skipping non-existent PDB: C:\Windows\System32\rpcrt4.pdb
[SYMBOL] No symbols loaded for: rpcrt4.dll
[SYMBOL] [DIA] Skipping non-existent PDB: C:\Windows\System32\rpcrt4.pdb
[SYMBOL] No symbols loaded for: rpcrt4.dll
DLL Loaded: 00007FFF05550000 C:\Windows\System32\ucrtbase.dll
DLL Loaded: 00007FFF056A0000 C:\Windows\System32\windows.storage.dll
DLL Loaded: 00007FFF07B00000 C:\Windows\System32\combase.dll
DLL Loaded: 00007FFF067E0000 C:\Windows\System32\rpcrt4.dll
[SYMBOL] [DIA] Skipping non-existent PDB: .\symbols\msvcp_win.pdb\9B3818EE7512F83D7C220C883667F7F11\msvcp_win.pdb
[SYMBOL] No symbols loaded for: msvcp_win.dll
[TODO] Not implemented GUI_PROCESS_EVENTS (91)
[SYMBOL] [DIA] Skipping non-existent PDB: C:\Windows\System32\msvcp_win.pdb
[SYMBOL] No symbols loaded for: msvcp_win.dll
[SYMBOL] [DIA] Skipping non-existent PDB: C:\Windows\System32\msvcp_win.pdb
[SYMBOL] No symbols loaded for: msvcp_win.dll
[SYMBOL] [DIA] Skipping non-existent PDB: .\symbols\advapi32.pdb\DB8A497EF0D3B74568168547146EEF4E1\advapi32.pdb
[SYMBOL] No symbols loaded for: advapi32.dll
[SYMBOL] [DIA] Skipping non-existent PDB: C:\Windows\System32\advapi32.pdb
[SYMBOL] No symbols loaded for: advapi32.dll
[SYMBOL] [DIA] Skipping non-existent PDB: C:\Windows\System32\advapi32.pdb
[SYMBOL] No symbols loaded for: advapi32.dll
[SYMBOL] [DIA] Skipping non-existent PDB: .\symbols\user32.pdb\5E38C093E8AC8F829B6C5A1A3322781B1\user32.pdb
[SYMBOL] No symbols loaded for: user32.dll
[SYMBOL] [DIA] Skipping non-existent PDB: C:\Windows\System32\user32.pdb
[SYMBOL] No symbols loaded for: user32.dll
[SYMBOL] [DIA] Skipping non-existent PDB: C:\Windows\System32\user32.pdb
[SYMBOL] No symbols loaded for: user32.dll
[SYMBOL] [DIA] Skipping non-existent PDB: .\symbols\win32u.pdb\0AC0A34D88DC0E25C887BBA185AA621E1\win32u.pdb
[SYMBOL] No symbols loaded for: win32u.dll
[SYMBOL] [DIA] Skipping non-existent PDB: C:\Windows\System32\win32u.pdb
DLL Loaded: 00007FFF06730000 C:\Windows\System32\msvcp_win.dll
DLL Loaded: 00007FFF07E90000 C:\Windows\System32\advapi32.dll
DLL Loaded: 00007FFF06B00000 C:\Windows\System32\user32.dll
[SYMBOL] No symbols loaded for: win32u.dll
[TODO] Not implemented GUI_PROCESS_EVENTS (91)
[SYMBOL] [DIA] Skipping non-existent PDB: C:\Windows\System32\win32u.pdb
[SYMBOL] No symbols loaded for: win32u.dll
[SYMBOL] [DIA] Skipping non-existent PDB: .\symbols\gdi32.pdb\B0C09C5D99915D50989FB64EACC6DCD81\gdi32.pdb
[SYMBOL] No symbols loaded for: gdi32.dll
[SYMBOL] [DIA] Skipping non-existent PDB: C:\Windows\System32\gdi32.pdb
[SYMBOL] No symbols loaded for: gdi32.dll
[SYMBOL] [DIA] Skipping non-existent PDB: C:\Windows\System32\gdi32.pdb
[SYMBOL] No symbols loaded for: gdi32.dll
[SYMBOL] [DIA] Skipping non-existent PDB: .\symbols\gdi32full.pdb\967826935A84C5ECCC11C2EEAFBA98111\gdi32full.pdb
[SYMBOL] No symbols loaded for: gdi32full.dll
[SYMBOL] [DIA] Skipping non-existent PDB: C:\Windows\System32\gdi32full.pdb
[SYMBOL] No symbols loaded for: gdi32full.dll
[SYMBOL] [DIA] Skipping non-existent PDB: C:\Windows\System32\gdi32full.pdb
[SYMBOL] No symbols loaded for: gdi32full.dll
[SYMBOL] [DIA] Skipping non-existent PDB: .\symbols\ole32.pdb\48426D87E58C72C43136C46E807E34771\ole32.pdb
[SYMBOL] No symbols loaded for: ole32.dll
[SYMBOL] [DIA] Skipping non-existent PDB: C:\Windows\System32\ole32.pdb
[SYMBOL] No symbols loaded for: ole32.dll
[SYMBOL] [DIA] Skipping non-existent PDB: C:\Windows\System32\ole32.pdb
DLL Loaded: 00007FFF06310000 C:\Windows\System32\win32u.dll
DLL Loaded: 00007FFF081E0000 C:\Windows\System32\gdi32.dll
DLL Loaded: 00007FFF06490000 C:\Windows\System32\gdi32full.dll
[TODO] Not implemented GUI_PROCESS_EVENTS (91)
[SYMBOL] No symbols loaded for: ole32.dll
[SYMBOL] [DIA] Skipping non-existent PDB: .\symbols\shcore.pdb\4A074CBB8DDA73D14173103398F65C391\shcore.pdb
[SYMBOL] No symbols loaded for: shcore.dll
[SYMBOL] [DIA] Skipping non-existent PDB: C:\Windows\System32\shcore.pdb
[SYMBOL] No symbols loaded for: shcore.dll
[SYMBOL] [DIA] Skipping non-existent PDB: C:\Windows\System32\shcore.pdb
[SYMBOL] No symbols loaded for: shcore.dll
[SYMBOL] [DIA] Skipping non-existent PDB: .\symbols\shell32.pdb\82053FA4E555428B66D22473253614221\shell32.pdb
[SYMBOL] No symbols loaded for: shell32.dll
[SYMBOL] [DIA] Skipping non-existent PDB: C:\Windows\System32\shell32.pdb
[SYMBOL] No symbols loaded for: shell32.dll
[SYMBOL] [DIA] Skipping non-existent PDB: C:\Windows\System32\shell32.pdb
[SYMBOL] No symbols loaded for: shell32.dll
[SYMBOL] [DIA] Skipping non-existent PDB: .\symbols\WinTypes.pdb\047FB6AE731D434838333E2CF6E6AD6A1\WinTypes.pdb
[SYMBOL] No symbols loaded for: wintypes.dll
[SYMBOL] [DIA] Skipping non-existent PDB: C:\Windows\System32\WinTypes.pdb
[SYMBOL] No symbols loaded for: wintypes.dll
DLL Loaded: 00007FFF08210000 C:\Windows\System32\ole32.dll
DLL Loaded: 00007FFF080E0000 C:\Windows\System32\SHCore.dll
DLL Loaded: 00007FFF06DD0000 C:\Windows\System32\shell32.dll
[TODO] Not implemented GUI_PROCESS_EVENTS (91)
[SYMBOL] [DIA] Skipping non-existent PDB: C:\Windows\System32\wintypes.pdb
[SYMBOL] No symbols loaded for: wintypes.dll
[SYMBOL] [DIA] Skipping non-existent PDB: .\symbols\userenv.pdb\4DC94FD243F8494AD2349893CF1E8BB51\userenv.pdb
[SYMBOL] No symbols loaded for: userenv.dll
[SYMBOL] [DIA] Skipping non-existent PDB: C:\Windows\System32\userenv.pdb
[SYMBOL] No symbols loaded for: userenv.dll
[SYMBOL] [DIA] Skipping non-existent PDB: C:\Windows\System32\userenv.pdb
[SYMBOL] No symbols loaded for: userenv.dll
[SYMBOL] [DIA] Skipping non-existent PDB: .\symbols\mpr.pdb\9F841B04F37F7332CD5AE4751DAAFA231\mpr.pdb
[SYMBOL] No symbols loaded for: mpr.dll
[SYMBOL] [DIA] Skipping non-existent PDB: C:\Windows\System32\mpr.pdb
[SYMBOL] No symbols loaded for: mpr.dll
[SYMBOL] [DIA] Skipping non-existent PDB: C:\Windows\System32\mpr.pdb
[SYMBOL] No symbols loaded for: mpr.dll
[SYMBOL] [DIA] Skipping non-existent PDB: .\symbols\sspicli.pdb\F2B08ACB583ACDC6EBBBCD29CCA0A5211\sspicli.pdb
[SYMBOL] No symbols loaded for: sspicli.dll
DLL Loaded: 00007FFF065C0000 C:\Windows\System32\WinTypes.dll
DLL Loaded: 00007FFF047B0000 C:\Windows\System32\userenv.dll
DLL Loaded: 00007FFEDDF20000 C:\Windows\System32\mpr.dll
[SYMBOL] [DIA] Skipping non-existent PDB: C:\Windows\System32\sspicli.pdb
[SYMBOL] No symbols loaded for: sspicli.dll
[TODO] Not implemented GUI_PROCESS_EVENTS (91)
[SYMBOL] [DIA] Skipping non-existent PDB: C:\Windows\System32\sspicli.pdb
[SYMBOL] No symbols loaded for: sspicli.dll
[SYMBOL] [DIA] Skipping non-existent PDB: .\symbols\imm32.pdb\B2D8E675AA207D2834A1666FA01BD9431\imm32.pdb
[SYMBOL] No symbols loaded for: imm32.dll
[SYMBOL] [DIA] Skipping non-existent PDB: C:\Windows\System32\imm32.pdb
[SYMBOL] No symbols loaded for: imm32.dll
[SYMBOL] [DIA] Skipping non-existent PDB: C:\Windows\System32\imm32.pdb
[SYMBOL] No symbols loaded for: imm32.dll
[SYMBOL] [DIA] Skipping non-existent PDB: .\symbols\psapi.pdb\86CF99F61E14E67839D2ACF4487565EB1\psapi.pdb
[SYMBOL] No symbols loaded for: psapi.dll
[SYMBOL] [DIA] Skipping non-existent PDB: C:\Windows\System32\psapi.pdb
[SYMBOL] No symbols loaded for: psapi.dll
[SYMBOL] [DIA] Skipping non-existent PDB: C:\Windows\System32\psapi.pdb
[SYMBOL] No symbols loaded for: psapi.dll
[SYMBOL] [DIA] Skipping non-existent PDB: .\symbols\imagehlp.pdb\86E106E3755AABC5008BF69644E7EFCF1\imagehlp.pdb
[SYMBOL] No symbols loaded for: imagehlp.dll
DLL Loaded: 00007FFF04410000 C:\Windows\System32\sspicli.dll
DLL Loaded: 00007FFF07A50000 C:\Windows\System32\imm32.dll
DLL Loaded: 00007FFF078B0000 C:\Windows\System32\psapi.dll
[SYMBOL] [DIA] Skipping non-existent PDB: C:\Windows\System32\imagehlp.pdb
[SYMBOL] No symbols loaded for: imagehlp.dll
[TODO] Not implemented GUI_PROCESS_EVENTS (91)
[SYMBOL] [DIA] Skipping non-existent PDB: C:\Windows\System32\imagehlp.pdb
[SYMBOL] No symbols loaded for: imagehlp.dll
[SYMBOL] [DIA] Skipping non-existent PDB: .\symbols\iphlpapi.pdb\8CF813A7042D3F8EB44C26668E6A2EBF1\iphlpapi.pdb
[SYMBOL] No symbols loaded for: iphlpapi.dll
[SYMBOL] [DIA] Skipping non-existent PDB: C:\Windows\System32\iphlpapi.pdb
[SYMBOL] No symbols loaded for: iphlpapi.dll
[SYMBOL] [DIA] Skipping non-existent PDB: C:\Windows\System32\iphlpapi.pdb
[SYMBOL] No symbols loaded for: iphlpapi.dll
[SYMBOL] [DIA] Skipping non-existent PDB: .\symbols\ws2_32.pdb\E4726BBFE391B21C5F3E34AE75CC3EE31\ws2_32.pdb
[SYMBOL] No symbols loaded for: ws2_32.dll
[SYMBOL] [DIA] Skipping non-existent PDB: C:\Windows\System32\ws2_32.pdb
[SYMBOL] No symbols loaded for: ws2_32.dll
[SYMBOL] [DIA] Skipping non-existent PDB: C:\Windows\System32\ws2_32.pdb
[SYMBOL] No symbols loaded for: ws2_32.dll
[SYMBOL] [DIA] Skipping non-existent PDB: .\symbols\gdiplus.pdb\22888D9379558CBBC8A90915FA3755F81\gdiplus.pdb
[SYMBOL] No symbols loaded for: gdiplus.dll
[SYMBOL] [DIA] Skipping non-existent PDB: C:\Windows\WinSxS\amd64_microsoft.windows.gdiplus_6595b64144ccf1df_1.1.26100.8036_none_6ef439583dc61568\gdiplus.pdb
DLL Loaded: 00007FFF08000000 C:\Windows\System32\imagehlp.dll
DLL Loaded: 00007FFF03A70000 C:\Windows\System32\IPHLPAPI.DLL
DLL Loaded: 00007FFF06910000 C:\Windows\System32\ws2_32.dll
[SYMBOL] No symbols loaded for: gdiplus.dll
[TODO] Not implemented GUI_PROCESS_EVENTS (91)
[SYMBOL] [DIA] Skipping non-existent PDB: C:\Windows\WinSxS\amd64_microsoft.windows.gdiplus_6595b64144ccf1df_1.1.26100.8036_none_6ef439583dc61568\gdiplus.pdb
[SYMBOL] No symbols loaded for: gdiplus.dll
[SYMBOL] [DIA] Skipping non-existent PDB: .\symbols\comdlg32.pdb\43A6C1FC5A94749584716EC3097EEAFF1\comdlg32.pdb
[SYMBOL] No symbols loaded for: comdlg32.dll
[SYMBOL] [DIA] Skipping non-existent PDB: C:\Windows\System32\comdlg32.pdb
[SYMBOL] No symbols loaded for: comdlg32.dll
[SYMBOL] [DIA] Skipping non-existent PDB: C:\Windows\System32\comdlg32.pdb
[SYMBOL] No symbols loaded for: comdlg32.dll
[SYMBOL] [DIA] Skipping non-existent PDB: .\symbols\oleaut32.pdb\9BF5AAAD58867007E423A3D4EFA137681\oleaut32.pdb
[SYMBOL] No symbols loaded for: oleaut32.dll
[SYMBOL] [DIA] Skipping non-existent PDB: C:\Windows\System32\oleaut32.pdb
[SYMBOL] No symbols loaded for: oleaut32.dll
[SYMBOL] [DIA] Skipping non-existent PDB: C:\Windows\System32\oleaut32.pdb
DLL Loaded: 00007FFED0180000 C:\Windows\WinSxS\amd64_microsoft.windows.gdiplus_6595b64144ccf1df_1.1.26100.8036_none_6ef439583dc61568\GdiPlus.dll
DLL Loaded: 00007FFF06CD0000 C:\Windows\System32\comdlg32.dll
[TODO] Not implemented GUI_PROCESS_EVENTS (91)
[SYMBOL] No symbols loaded for: oleaut32.dll
[SYMBOL] [DIA] Skipping non-existent PDB: .\symbols\wininet.pdb\2567C8FD4FBB393914B12CF4BB6AF0021\wininet.pdb
[SYMBOL] No symbols loaded for: wininet.dll
[SYMBOL] [DIA] Skipping non-existent PDB: C:\Windows\System32\wininet.pdb
[SYMBOL] No symbols loaded for: wininet.dll
[SYMBOL] [DIA] Skipping non-existent PDB: C:\Windows\System32\wininet.pdb
[SYMBOL] No symbols loaded for: wininet.dll
[SYMBOL] [DIA] Skipping non-existent PDB: .\symbols\glu32.pdb\9B300F889E33C1F9CB839FD2ED5F86D11\glu32.pdb
[SYMBOL] No symbols loaded for: glu32.dll
[SYMBOL] [DIA] Skipping non-existent PDB: C:\Windows\System32\glu32.pdb
[SYMBOL] No symbols loaded for: glu32.dll
[SYMBOL] [DIA] Skipping non-existent PDB: C:\Windows\System32\glu32.pdb
[SYMBOL] No symbols loaded for: glu32.dll
[SYMBOL] [DIA] Skipping non-existent PDB: .\symbols\crypt32.pdb\14FB705AEBAA10E4C0C289C7CD26B2791\crypt32.pdb
[SYMBOL] No symbols loaded for: crypt32.dll
[SYMBOL] [DIA] Skipping non-existent PDB: C:\Windows\System32\crypt32.pdb
DLL Loaded: 00007FFF077D0000 C:\Windows\System32\oleaut32.dll
DLL Loaded: 00007FFEE6480000 C:\Windows\System32\wininet.dll
Skipping unsupported debug type IMAGE_DEBUG_TYPE_POGO in module ompp.dll...
Skipping unsupported debug type IMAGE_DEBUG_TYPE_ILTCG in module ompp.dll...
Did not find any supported debug types in module ompp.dll!
DLL Loaded: 00007FFEE5130000 C:\Program Files\Maxon ZBrush 2026\ompp.dll
DLL Loaded: 00007FFEA3330000 C:\Windows\System32\glu32.dll
[SYMBOL] No symbols loaded for: crypt32.dll
[TODO] Not implemented GUI_PROCESS_EVENTS (91)
[SYMBOL] [DIA] Skipping non-existent PDB: C:\Windows\System32\crypt32.pdb
[SYMBOL] No symbols loaded for: crypt32.dll
[SYMBOL] [DIA] Skipping non-existent PDB: .\symbols\wintrust.pdb\F6D2ED90ED3161758C48614809532FDD1\wintrust.pdb
[SYMBOL] No symbols loaded for: wintrust.dll
[SYMBOL] [DIA] Skipping non-existent PDB: C:\Windows\System32\wintrust.pdb
[SYMBOL] No symbols loaded for: wintrust.dll
[SYMBOL] [DIA] Skipping non-existent PDB: C:\Windows\System32\wintrust.pdb
[SYMBOL] No symbols loaded for: wintrust.dll
[SYMBOL] [DIA] Skipping non-existent PDB: .\symbols\comctl32v582.pdb\015AC5B4BE70675B3FCA4BB09180DD781\comctl32v582.pdb
[SYMBOL] No symbols loaded for: comctl32.dll
[SYMBOL] [DIA] Skipping non-existent PDB: C:\Windows\WinSxS\amd64_microsoft.windows.common-controls_6595b64144ccf1df_5.82.26100.8037_none_87ebc5097a2f9e52\comctl32v582.pdb
[SYMBOL] No symbols loaded for: comctl32.dll
[SYMBOL] [DIA] Skipping non-existent PDB: C:\Windows\WinSxS\amd64_microsoft.windows.common-controls_6595b64144ccf1df_5.82.26100.8037_none_87ebc5097a2f9e52\comctl32.pdb
[TODO] Not implemented GUI_PROCESS_EVENTS (91)
DLL Loaded: 00007FFF053D0000 C:\Windows\System32\crypt32.dll
DLL Loaded: 00007FFF06400000 C:\Windows\System32\wintrust.dll
DLL Loaded: 00007FFED7F90000 C:\Program Files\Maxon ZBrush 2026\freetype.dll
[SYMBOL] No symbols loaded for: comctl32.dll
[SYMBOL] [DIA] Skipping non-existent PDB: .\symbols\msvcp140.amd64.pdb\C0CE770D9FB789CAB1C0FBEC454173061\msvcp140.amd64.pdb
[SYMBOL] No symbols loaded for: msvcp140.dll
[SYMBOL] [DIA] Skipping non-existent PDB: D:\a\_work\1\s\binaries\amd64ret\bin\amd64\\msvcp140.amd64.pdb
[SYMBOL] No symbols loaded for: msvcp140.dll
[SYMBOL] [DIA] Skipping non-existent PDB: C:\Windows\System32\msvcp140.amd64.pdb
[SYMBOL] No symbols loaded for: msvcp140.dll
[SYMBOL] [DIA] Skipping non-existent PDB: C:\Windows\System32\msvcp140.pdb
[SYMBOL] No symbols loaded for: msvcp140.dll
[SYMBOL] [DIA] Skipping non-existent PDB: .\symbols\vcomp140.amd64.pdb\40122200712733263190A10B0BF096BE1\vcomp140.amd64.pdb
[SYMBOL] No symbols loaded for: vcomp140.dll
[SYMBOL] [DIA] Skipping non-existent PDB: D:\a\_work\1\s\binaries\amd64ret\bin\amd64\\vcomp140.amd64.pdb
[SYMBOL] No symbols loaded for: vcomp140.dll
[TODO] Not implemented GUI_PROCESS_EVENTS (91)
[SYMBOL] [DIA] Skipping non-existent PDB: C:\Windows\System32\vcomp140.amd64.pdb
DLL Loaded: 00007FFEFA770000 C:\Windows\WinSxS\amd64_microsoft.windows.common-controls_6595b64144ccf1df_5.82.26100.8037_none_87ebc5097a2f9e52\comctl32.dll
DLL Loaded: 00007FFEDF600000 C:\Windows\System32\msvcp140.dll
[SYMBOL] No symbols loaded for: vcomp140.dll
[SYMBOL] [DIA] Skipping non-existent PDB: C:\Windows\System32\vcomp140.pdb
[SYMBOL] No symbols loaded for: vcomp140.dll
[SYMBOL] [DIA] Skipping non-existent PDB: .\symbols\msvcp140_1.amd64.pdb\309A7909700DCE673FA76E71AF7C40E41\msvcp140_1.amd64.pdb
[SYMBOL] No symbols loaded for: msvcp140_1.dll
[SYMBOL] [DIA] Skipping non-existent PDB: D:\a\_work\1\s\binaries\amd64ret\bin\amd64\\msvcp140_1.amd64.pdb
[SYMBOL] No symbols loaded for: msvcp140_1.dll
[SYMBOL] [DIA] Skipping non-existent PDB: C:\Windows\System32\msvcp140_1.amd64.pdb
[SYMBOL] No symbols loaded for: msvcp140_1.dll
[SYMBOL] [DIA] Skipping non-existent PDB: C:\Windows\System32\msvcp140_1.pdb
[SYMBOL] No symbols loaded for: msvcp140_1.dll
[SYMBOL] [DIA] Skipping non-existent PDB: .\symbols\MFReadWrite.pdb\D1FEEE2F3EACDEF862990B8B16D013C51\MFReadWrite.pdb
[TODO] Not implemented GUI_PROCESS_EVENTS (91)
[SYMBOL] No symbols loaded for: mfreadwrite.dll
[SYMBOL] [DIA] Skipping non-existent PDB: C:\Windows\System32\MFReadWrite.pdb
[SYMBOL] No symbols loaded for: mfreadwrite.dll
[SYMBOL] [DIA] Skipping non-existent PDB: C:\Windows\System32\mfreadwrite.pdb
[SYMBOL] No symbols loaded for: mfreadwrite.dll
[SYMBOL] [DIA] Skipping non-existent PDB: .\symbols\propsys.pdb\C5A81E51443016741DFFC867D035C55D1\propsys.pdb
[SYMBOL] No symbols loaded for: propsys.dll
DLL Loaded: 00007FFEE50F0000 C:\Windows\System32\vcomp140.dll
DLL Loaded: 00007FFF01210000 C:\Windows\System32\msvcp140_1.dll
DLL Loaded: 00007FFEFC3F0000 C:\Windows\System32\mfreadwrite.dll
[SYMBOL] [DIA] Skipping non-existent PDB: C:\Windows\System32\propsys.pdb
[SYMBOL] No symbols loaded for: propsys.dll
[SYMBOL] [DIA] Skipping non-existent PDB: C:\Windows\System32\propsys.pdb
[SYMBOL] No symbols loaded for: propsys.dll
[SYMBOL] [DIA] Skipping non-existent PDB: .\symbols\MFPLAT.pdb\887737A9873714B9551F464977BCE9171\MFPLAT.pdb
[SYMBOL] No symbols loaded for: mfplat.dll
[SYMBOL] [DIA] Skipping non-existent PDB: C:\Windows\System32\MFPLAT.pdb
[SYMBOL] No symbols loaded for: mfplat.dll
[SYMBOL] [DIA] Skipping non-existent PDB: C:\Windows\System32\mfplat.pdb
[SYMBOL] No symbols loaded for: mfplat.dll
[SYMBOL] [DIA] Skipping non-existent PDB: .\symbols\bcrypt.pdb\CE517872340076F9A8B88806383051731\bcrypt.pdb
[SYMBOL] No symbols loaded for: bcrypt.dll
[SYMBOL] [DIA] Skipping non-existent PDB: C:\Windows\System32\bcrypt.pdb
[SYMBOL] No symbols loaded for: bcrypt.dll
[TODO] Not implemented GUI_PROCESS_EVENTS (91)
[SYMBOL] [DIA] Skipping non-existent PDB: C:\Windows\System32\bcrypt.pdb
[SYMBOL] No symbols loaded for: bcrypt.dll
[SYMBOL] [DIA] Skipping non-existent PDB: .\symbols\opengl32.pdb\452A60BF26F321108D8EF0127931C49D1\opengl32.pdb
[SYMBOL] No symbols loaded for: opengl32.dll
[SYMBOL] [DIA] Skipping non-existent PDB: C:\Windows\System32\opengl32.pdb
[SYMBOL] No symbols loaded for: opengl32.dll
[SYMBOL] [DIA] Skipping non-existent PDB: C:\Windows\System32\opengl32.pdb
[SYMBOL] No symbols loaded for: opengl32.dll
[SYMBOL] [DIA] Skipping non-existent PDB: .\symbols\python311.pdb\2287F50242804D88A3E915197E8F4AAC1\python311.pdb
[SYMBOL] No symbols loaded for: python311.dll
DLL Loaded: 00007FFF00580000 C:\Windows\System32\propsys.dll
DLL Loaded: 00007FFEFEBD0000 C:\Windows\System32\mfplat.dll
DLL Loaded: 00007FFF05210000 C:\Windows\System32\bcrypt.dll
DLL Loaded: 00007FFE2E900000 C:\Windows\System32\opengl32.dll
[SYMBOL] [DIA] Skipping non-existent PDB: C:\source\zbrush\Python-3.11.9\PCbuild\amd64\python311.pdb
[SYMBOL] No symbols loaded for: python311.dll
[SYMBOL] [DIA] Skipping non-existent PDB: C:\Program Files\Maxon ZBrush 2026\python311.pdb
[SYMBOL] No symbols loaded for: python311.dll
[SYMBOL] [DIA] Skipping non-existent PDB: C:\Program Files\Maxon ZBrush 2026\python311.pdb
[SYMBOL] No symbols loaded for: python311.dll
[SYMBOL] [DIA] Skipping non-existent PDB: .\symbols\winmm.pdb\564113284BD7F6C6DC402C5BE4B2F5981\winmm.pdb
[SYMBOL] No symbols loaded for: winmm.dll
[SYMBOL] [DIA] Skipping non-existent PDB: C:\Windows\System32\winmm.pdb
[SYMBOL] No symbols loaded for: winmm.dll
[SYMBOL] [DIA] Skipping non-existent PDB: C:\Windows\System32\winmm.pdb
[TODO] Not implemented GUI_PROCESS_EVENTS (91)
[SYMBOL] No symbols loaded for: winmm.dll
[SYMBOL] [DIA] Skipping non-existent PDB: .\symbols\vcruntime140.amd64.pdb\724C8CA145D5E1813863A893D4FED39E1\vcruntime140.amd64.pdb
[SYMBOL] No symbols loaded for: vcruntime140.dll
[SYMBOL] [DIA] Skipping non-existent PDB: D:\a\_work\1\s\binaries\amd64ret\bin\amd64\\vcruntime140.amd64.pdb
[SYMBOL] No symbols loaded for: vcruntime140.dll
[SYMBOL] [DIA] Skipping non-existent PDB: C:\Windows\System32\vcruntime140.amd64.pdb
[SYMBOL] No symbols loaded for: vcruntime140.dll
[SYMBOL] [DIA] Skipping non-existent PDB: C:\Windows\System32\vcruntime140.pdb
[SYMBOL] No symbols loaded for: vcruntime140.dll
[SYMBOL] [DIA] Skipping non-existent PDB: .\symbols\vcruntime140_1.amd64.pdb\2296809DC614CDC2E175A842474428251\vcruntime140_1.amd64.pdb
[SYMBOL] No symbols loaded for: vcruntime140_1.dll
DLL Loaded: 00007FFE41960000 C:\Program Files\Maxon ZBrush 2026\python311.dll
DLL Loaded: 00007FFEFA700000 C:\Windows\System32\winmm.dll
DLL Loaded: 00007FFEE2F10000 C:\Windows\System32\vcruntime140.dll
[SYMBOL] [DIA] Skipping non-existent PDB: D:\a\_work\1\s\binaries\amd64ret\bin\amd64\\vcruntime140_1.amd64.pdb
[SYMBOL] No symbols loaded for: vcruntime140_1.dll
[SYMBOL] [DIA] Skipping non-existent PDB: C:\Windows\System32\vcruntime140_1.amd64.pdb
[SYMBOL] No symbols loaded for: vcruntime140_1.dll
[SYMBOL] [DIA] Skipping non-existent PDB: C:\Windows\System32\vcruntime140_1.pdb
[SYMBOL] No symbols loaded for: vcruntime140_1.dll
[SYMBOL] [DIA] Skipping non-existent PDB: .\symbols\cfgmgr32.pdb\0D9FC4434D8B8C7B2A55AF94465AE7641\cfgmgr32.pdb
[SYMBOL] No symbols loaded for: cfgmgr32.dll
[TODO] Not implemented GUI_PROCESS_EVENTS (91)
[SYMBOL] [DIA] Skipping non-existent PDB: C:\Windows\System32\cfgmgr32.pdb
[SYMBOL] No symbols loaded for: cfgmgr32.dll
[SYMBOL] [DIA] Skipping non-existent PDB: C:\Windows\System32\cfgmgr32.pdb
[SYMBOL] No symbols loaded for: cfgmgr32.dll
[SYMBOL] [DIA] Skipping non-existent PDB: .\symbols\version.pdb\440DD63BE2B021F80FD0C78EF0AECEF21\version.pdb
[SYMBOL] No symbols loaded for: version.dll
[SYMBOL] [DIA] Skipping non-existent PDB: C:\Windows\System32\version.pdb
[SYMBOL] No symbols loaded for: version.dll
[SYMBOL] [DIA] Skipping non-existent PDB: C:\Windows\System32\version.pdb
[SYMBOL] No symbols loaded for: version.dll
[SYMBOL] [DIA] Skipping non-existent PDB: .\symbols\DXCore.pdb\92C2C33AEDDC4583B7A8829E11CCFE7E1\DXCore.pdb
[SYMBOL] No symbols loaded for: dxcore.dll
[SYMBOL] [DIA] Skipping non-existent PDB: C:\Windows\System32\DXCore.pdb
[SYMBOL] No symbols loaded for: dxcore.dll
[SYMBOL] [DIA] Skipping non-existent PDB: C:\Windows\System32\dxcore.pdb
[SYMBOL] No symbols loaded for: dxcore.dll
[SYMBOL] [DIA] Skipping non-existent PDB: .\symbols\bcryptprimitives.pdb\D8106C25839D2EF7FE11090982E5E98D1\bcryptprimitives.pdb
DLL Loaded: 00007FFEE2F00000 C:\Windows\System32\vcruntime140_1.dll
DLL Loaded: 00007FFE3A650000 C:\Program Files\Maxon ZBrush 2026\xzblib0.dll
DLL Loaded: 00007FFF04FB0000 C:\Windows\System32\cfgmgr32.dll
DLL Loaded: 00007FFEF4350000 C:\Windows\System32\version.dll
DLL Loaded: 00007FFF023B0000 C:\Windows\System32\DXCore.dll
[SYMBOL] No symbols loaded for: bcryptprimitives.dll
[SYMBOL] [DIA] Skipping non-existent PDB: C:\Windows\System32\bcryptprimitives.pdb
[TODO] Not implemented GUI_PROCESS_EVENTS (91)
[SYMBOL] No symbols loaded for: bcryptprimitives.dll
[SYMBOL] [DIA] Skipping non-existent PDB: C:\Windows\System32\bcryptprimitives.pdb
[SYMBOL] No symbols loaded for: bcryptprimitives.dll
[SYMBOL] [DIA] Skipping non-existent PDB: .\symbols\rtworkq.pdb\EC709680FE0A5643C48EB16C47D649D41\rtworkq.pdb
[SYMBOL] No symbols loaded for: rtworkq.dll
[SYMBOL] [DIA] Skipping non-existent PDB: C:\Windows\System32\rtworkq.pdb
[SYMBOL] No symbols loaded for: rtworkq.dll
[SYMBOL] [DIA] Skipping non-existent PDB: C:\Windows\System32\rtworkq.pdb
[SYMBOL] No symbols loaded for: rtworkq.dll
[SYMBOL] [DIA] Skipping non-existent PDB: .\symbols\msasn1.pdb\5C75F2CF2423109A88C98194C441FF251\msasn1.pdb
[SYMBOL] No symbols loaded for: msasn1.dll
[SYMBOL] [DIA] Skipping non-existent PDB: C:\Windows\System32\msasn1.pdb
[SYMBOL] No symbols loaded for: msasn1.dll
[SYMBOL] [DIA] Skipping non-existent PDB: C:\Windows\System32\msasn1.pdb
[SYMBOL] No symbols loaded for: msasn1.dll
[SYMBOL] [DIA] Skipping non-existent PDB: .\symbols\Kernel.Appcore.pdb\FCC21A36A9575BAD24EDF631EBAA08521\Kernel.Appcore.pdb
[SYMBOL] No symbols loaded for: kernel.appcore.dll
[SYMBOL] [DIA] Skipping non-existent PDB: C:\Windows\System32\Kernel.Appcore.pdb
[SYMBOL] No symbols loaded for: kernel.appcore.dll
[SYMBOL] [DIA] Skipping non-existent PDB: C:\Windows\System32\kernel.appcore.pdb
DLL Loaded: 00007FFF05320000 C:\Windows\System32\bcryptprimitives.dll
DLL Loaded: 00007FFEFE5A0000 C:\Windows\System32\RTWorkQ.dll
DLL Loaded: 00007FFF04B40000 C:\Windows\System32\msasn1.dll
[SYMBOL] No symbols loaded for: kernel.appcore.dll
[TODO] Not implemented GUI_PROCESS_EVENTS (91)
[SYMBOL] [DIA] Skipping non-existent PDB: .\symbols\uxtheme.pdb\E09FCE513F34D0619FBFF5C11DA222ED1\uxtheme.pdb
[SYMBOL] No symbols loaded for: uxtheme.dll
[SYMBOL] [DIA] Skipping non-existent PDB: C:\Windows\System32\uxtheme.pdb
[SYMBOL] No symbols loaded for: uxtheme.dll
[SYMBOL] [DIA] Skipping non-existent PDB: C:\Windows\System32\uxtheme.pdb
[SYMBOL] No symbols loaded for: uxtheme.dll
[SYMBOL] [DIA] Skipping non-existent PDB: .\symbols\AudioDevProps2.pdb\2483866ECD22497C8FA504BACC7459EA1\AudioDevProps2.pdb
[SYMBOL] No symbols loaded for: audiodevprops2.dll
[SYMBOL] [DIA] Skipping non-existent PDB: D:\BuildAgent\work\50222cedc075c715\Out\Release\Win64\AudioDevProps2.pdb
[SYMBOL] No symbols loaded for: audiodevprops2.dll
[SYMBOL] [DIA] Skipping non-existent PDB: C:\ProgramData\A-Volute\A-Volute.Nahimic\Modules\Scheduled\x64\AudioDevProps2.pdb
[SYMBOL] No symbols loaded for: audiodevprops2.dll
[SYMBOL] [DIA] Skipping non-existent PDB: C:\ProgramData\A-Volute\A-Volute.Nahimic\Modules\Scheduled\x64\audiodevprops2.pdb
[SYMBOL] No symbols loaded for: audiodevprops2.dll
[SYMBOL] [DIA] Skipping non-existent PDB: .\symbols\CLBCatQ.pdb\446E1E1658102258D7CB9BC5C5B3FCA51\CLBCatQ.pdb
[SYMBOL] No symbols loaded for: clbcatq.dll
[SYMBOL] [DIA] Skipping non-existent PDB: C:\Windows\System32\CLBCatQ.pdb
[SYMBOL] No symbols loaded for: clbcatq.dll
[SYMBOL] [DIA] Skipping non-existent PDB: C:\Windows\System32\clbcatq.pdb
[SYMBOL] No symbols loaded for: clbcatq.dll
[SYMBOL] [DIA] Skipping non-existent PDB: .\symbols\ClipC.pdb\26FFC6E71882022AC0A4E1090A165C4C1\ClipC.pdb
[TODO] Not implemented GUI_PROCESS_EVENTS (91)
DLL Loaded: 00007FFF04140000 C:\Windows\System32\kernel.appcore.dll
DLL Loaded: 00007FFF01C60000 C:\Windows\System32\uxtheme.dll
DLL Loaded: 00007FFE775E0000 C:\ProgramData\A-Volute\A-Volute.Nahimic\Modules\Scheduled\x64\AudioDevProps2.dll
DLL Loaded: 00007FFF08430000 C:\Windows\System32\clbcatq.dll
[SYMBOL] No symbols loaded for: clipc.dll
[SYMBOL] [DIA] Skipping non-existent PDB: C:\Windows\System32\ClipC.pdb
[SYMBOL] No symbols loaded for: clipc.dll
[SYMBOL] [DIA] Skipping non-existent PDB: C:\Windows\System32\clipc.pdb
[SYMBOL] No symbols loaded for: clipc.dll
[SYMBOL] [DIA] Skipping non-existent PDB: .\symbols\cryptsp.pdb\9AC926B59AB69A4239687FFA67C7566D1\cryptsp.pdb
[SYMBOL] No symbols loaded for: cryptsp.dll
[SYMBOL] [DIA] Skipping non-existent PDB: C:\Windows\System32\cryptsp.pdb
[SYMBOL] No symbols loaded for: cryptsp.dll
[SYMBOL] [DIA] Skipping non-existent PDB: C:\Windows\System32\cryptsp.pdb
[SYMBOL] No symbols loaded for: cryptsp.dll
[SYMBOL] [DIA] Skipping non-existent PDB: .\symbols\rsaenh.pdb\C1CBDCFF3D390DA0721FDD1FE5F444DE1\rsaenh.pdb
[SYMBOL] No symbols loaded for: rsaenh.dll
[SYMBOL] [DIA] Skipping non-existent PDB: C:\Windows\System32\rsaenh.pdb
[SYMBOL] No symbols loaded for: rsaenh.dll
[SYMBOL] [DIA] Skipping non-existent PDB: C:\Windows\System32\rsaenh.pdb
[SYMBOL] No symbols loaded for: rsaenh.dll
[SYMBOL] [DIA] Skipping non-existent PDB: .\symbols\cryptbase.pdb\68CE22A55BEDD982D7CD05FCB0928A7A1\cryptbase.pdb
[SYMBOL] No symbols loaded for: cryptbase.dll
[SYMBOL] [DIA] Skipping non-existent PDB: C:\Windows\System32\cryptbase.pdb
[SYMBOL] No symbols loaded for: cryptbase.dll
[TODO] Not implemented GUI_PROCESS_EVENTS (91)
[SYMBOL] [DIA] Skipping non-existent PDB: C:\Windows\System32\cryptbase.pdb
[SYMBOL] No symbols loaded for: cryptbase.dll
[SYMBOL] [DIA] Skipping non-existent PDB: .\symbols\msctf.pdb\92CBF24314CA8998F19305FB5A7AB1E91\msctf.pdb
DLL Loaded: 00007FFEC6070000 C:\Windows\System32\Clipc.dll
DLL Loaded: 00007FFF049F0000 C:\Windows\System32\cryptsp.dll
DLL Loaded: 00007FFF040A0000 C:\Windows\System32\rsaenh.dll
DLL Loaded: 00007FFF04A10000 C:\Windows\System32\cryptbase.dll
[SYMBOL] No symbols loaded for: msctf.dll
[SYMBOL] [DIA] Skipping non-existent PDB: C:\Windows\System32\msctf.pdb
[SYMBOL] No symbols loaded for: msctf.dll
[SYMBOL] [DIA] Skipping non-existent PDB: C:\Windows\System32\msctf.pdb
[SYMBOL] No symbols loaded for: msctf.dll
[SYMBOL] [DIA] Skipping non-existent PDB: .\symbols\crypt.module.pdb\E605CC69B75543FB963D91182E9D9AE21\crypt.module.pdb
[SYMBOL] No symbols loaded for: crypt.module.xdl64
[SYMBOL] [DIA] Skipping non-existent PDB: C:\builds\maxondev\dev\zbrush\maxon-core\_build\v143_release\bin\Release\corelibs\crypt.module.pdb
[SYMBOL] No symbols loaded for: crypt.module.xdl64
[SYMBOL] [DIA] Skipping non-existent PDB: C:\Program Files\Maxon ZBrush 2026\corelibs\crypt.module.pdb
[SYMBOL] No symbols loaded for: crypt.module.xdl64
[SYMBOL] [DIA] Skipping non-existent PDB: C:\Program Files\Maxon ZBrush 2026\corelibs\crypt.module.pdb
[SYMBOL] No symbols loaded for: crypt.module.xdl64
[SYMBOL] [DIA] Skipping non-existent PDB: .\symbols\vcruntime140d.amd64.pdb\0448413E79C9F62A905ACE0D3550DF071\vcruntime140d.amd64.pdb
[SYMBOL] No symbols loaded for: vcruntime140d.dll
[SYMBOL] [DIA] Skipping non-existent PDB: D:\a\_work\1\s\binaries\amd64ret\bin\amd64\\vcruntime140d.amd64.pdb
[SYMBOL] No symbols loaded for: vcruntime140d.dll
[TODO] Not implemented GUI_PROCESS_EVENTS (91)
[SYMBOL] [DIA] Skipping non-existent PDB: C:\Windows\System32\vcruntime140d.amd64.pdb
[SYMBOL] No symbols loaded for: vcruntime140d.dll
[SYMBOL] [DIA] Skipping non-existent PDB: C:\Windows\System32\vcruntime140d.pdb
[SYMBOL] No symbols loaded for: vcruntime140d.dll
[SYMBOL] [DIA] Skipping non-existent PDB: .\symbols\ucrtbased.pdb\1A94C1185280501F993C171002C88CCA2\ucrtbased.pdb
DLL Loaded: 00007FFF06990000 C:\Windows\System32\msctf.dll
DLL Loaded: 00007FFE49A30000 C:\Program Files\Maxon ZBrush 2026\corelibs\crypt.module.xdl64
DLL Loaded: 00007FFEE5190000 C:\Windows\System32\vcruntime140d.dll
[SYMBOL] No symbols loaded for: ucrtbased.dll
[SYMBOL] [DIA] Skipping non-existent PDB: C:\Windows\System32\ucrtbased.pdb
[SYMBOL] No symbols loaded for: ucrtbased.dll
[SYMBOL] [DIA] Skipping non-existent PDB: C:\Windows\System32\ucrtbased.pdb
[SYMBOL] No symbols loaded for: ucrtbased.dll
[SYMBOL] [DIA] Skipping non-existent PDB: .\symbols\gui.module.pdb\384D795D8A9D466C89E53FC6178BCE8A1\gui.module.pdb
[SYMBOL] No symbols loaded for: gui.module.xdl64
[SYMBOL] [DIA] Skipping non-existent PDB: C:\builds\maxondev\dev\zbrush\maxon-core\_build\v143_release\bin\Release\corelibs\gui.module.pdb
[SYMBOL] No symbols loaded for: gui.module.xdl64
[SYMBOL] [DIA] Skipping non-existent PDB: C:\Program Files\Maxon ZBrush 2026\corelibs\gui.module.pdb
[SYMBOL] No symbols loaded for: gui.module.xdl64
[SYMBOL] [DIA] Skipping non-existent PDB: C:\Program Files\Maxon ZBrush 2026\corelibs\gui.module.pdb
[SYMBOL] No symbols loaded for: gui.module.xdl64
[SYMBOL] [DIA] Skipping non-existent PDB: .\symbols\credui.pdb\9D311D391997C62D5A2AE57D7CEFF5661\credui.pdb
[SYMBOL] No symbols loaded for: credui.dll
[TODO] Not implemented GUI_PROCESS_EVENTS (91)
[SYMBOL] [DIA] Skipping non-existent PDB: C:\Windows\System32\credui.pdb
[SYMBOL] No symbols loaded for: credui.dll
[SYMBOL] [DIA] Skipping non-existent PDB: C:\Windows\System32\credui.pdb
[SYMBOL] No symbols loaded for: credui.dll
[SYMBOL] [DIA] Skipping non-existent PDB: .\symbols\d2d1.pdb\6FA949465165B73BDEBD083AB31433EC1\d2d1.pdb
DLL Loaded: 00007FFE50010000 C:\Windows\System32\ucrtbased.dll
DLL Loaded: 00007FFE48460000 C:\Program Files\Maxon ZBrush 2026\corelibs\gui.module.xdl64
DLL Loaded: 00007FFED8F20000 C:\Windows\System32\credui.dll
[SYMBOL] No symbols loaded for: d2d1.dll
[SYMBOL] [DIA] Skipping non-existent PDB: C:\Windows\System32\d2d1.pdb
[SYMBOL] No symbols loaded for: d2d1.dll
[SYMBOL] [DIA] Skipping non-existent PDB: C:\Windows\System32\d2d1.pdb
[SYMBOL] No symbols loaded for: d2d1.dll
[SYMBOL] [DIA] Skipping non-existent PDB: .\symbols\msimg32.pdb\18CD65BA0425FD93FA75A3904E31D00C1\msimg32.pdb
[SYMBOL] No symbols loaded for: msimg32.dll
[SYMBOL] [DIA] Skipping non-existent PDB: C:\Windows\System32\msimg32.pdb
[SYMBOL] No symbols loaded for: msimg32.dll
[SYMBOL] [DIA] Skipping non-existent PDB: C:\Windows\System32\msimg32.pdb
[SYMBOL] No symbols loaded for: msimg32.dll
[TODO] Not implemented GUI_PROCESS_EVENTS (91)
[SYMBOL] [DIA] Skipping non-existent PDB: .\symbols\msvfw32.pdb\F84A49075C5EBC672F5115AAD2B4DAB41\msvfw32.pdb
[SYMBOL] No symbols loaded for: msvfw32.dll
[SYMBOL] [DIA] Skipping non-existent PDB: C:\Windows\System32\msvfw32.pdb
[SYMBOL] No symbols loaded for: msvfw32.dll
DLL Loaded: 00007FFF00B70000 C:\Windows\System32\d2d1.dll
DLL Loaded: 00007FFEDD7A0000 C:\Windows\System32\msimg32.dll
[SYMBOL] [DIA] Skipping non-existent PDB: C:\Windows\System32\msvfw32.pdb
[SYMBOL] No symbols loaded for: msvfw32.dll
[SYMBOL] [DIA] Skipping non-existent PDB: .\symbols\d3d11.pdb\0E082A8648B38EFF175359D72801BB2B1\d3d11.pdb
[SYMBOL] No symbols loaded for: d3d11.dll
[SYMBOL] [DIA] Skipping non-existent PDB: C:\Windows\System32\d3d11.pdb
[SYMBOL] No symbols loaded for: d3d11.dll
[SYMBOL] [DIA] Skipping non-existent PDB: C:\Windows\System32\d3d11.pdb
[SYMBOL] No symbols loaded for: d3d11.dll
[SYMBOL] [DIA] Skipping non-existent PDB: .\symbols\DWrite.pdb\1FC6E7A1DDA25CE16FEA1F3D246244331\DWrite.pdb
[TODO] Not implemented GUI_PROCESS_EVENTS (91)
[SYMBOL] No symbols loaded for: dwrite.dll
[SYMBOL] [DIA] Skipping non-existent PDB: C:\Windows\System32\DWrite.pdb
[SYMBOL] No symbols loaded for: dwrite.dll
[SYMBOL] [DIA] Skipping non-existent PDB: C:\Windows\System32\dwrite.pdb
[SYMBOL] No symbols loaded for: dwrite.dll
[SYMBOL] [DIA] Skipping non-existent PDB: .\symbols\dcomp.pdb\0C0720763F52F9454EA04CDE93E59F701\dcomp.pdb
[SYMBOL] No symbols loaded for: dcomp.dll
DLL Loaded: 00007FFEE5150000 C:\Windows\System32\msvfw32.dll
DLL Loaded: 00007FFF00900000 C:\Windows\System32\d3d11.dll
DLL Loaded: 00007FFF00690000 C:\Windows\System32\DWrite.dll
[SYMBOL] [DIA] Skipping non-existent PDB: C:\Windows\System32\dcomp.pdb
[SYMBOL] No symbols loaded for: dcomp.dll
[SYMBOL] [DIA] Skipping non-existent PDB: C:\Windows\System32\dcomp.pdb
[SYMBOL] No symbols loaded for: dcomp.dll
[SYMBOL] [DIA] Skipping non-existent PDB: .\symbols\usp10.pdb\336E0D4279C1ADFA130140CB3C8B1FA71\usp10.pdb
[SYMBOL] No symbols loaded for: usp10.dll
[SYMBOL] [DIA] Skipping non-existent PDB: C:\Windows\System32\usp10.pdb
[SYMBOL] No symbols loaded for: usp10.dll
[TODO] Not implemented GUI_PROCESS_EVENTS (91)
[SYMBOL] [DIA] Skipping non-existent PDB: C:\Windows\System32\usp10.pdb
[SYMBOL] No symbols loaded for: usp10.dll
[SYMBOL] [DIA] Skipping non-existent PDB: .\symbols\dxgi.pdb\61A24F2BECD322B84C2C66965093AE381\dxgi.pdb
[SYMBOL] No symbols loaded for: dxgi.dll
[SYMBOL] [DIA] Skipping non-existent PDB: C:\Windows\System32\dxgi.pdb
[SYMBOL] No symbols loaded for: dxgi.dll
[SYMBOL] [DIA] Skipping non-existent PDB: C:\Windows\System32\dxgi.pdb
[SYMBOL] No symbols loaded for: dxgi.dll
[SYMBOL] [DIA] Skipping non-existent PDB: .\symbols\Microsoft.Internal.WarpPal.pdb\DCFE6096CF1BD3559BA7AB1D755313721\Microsoft.Internal.WarpPal.pdb
[SYMBOL] No symbols loaded for: microsoft.internal.warppal.dll
DLL Loaded: 00007FFF014C0000 C:\Windows\System32\dcomp.dll
DLL Loaded: 00007FFF01270000 C:\Windows\System32\usp10.dll
DLL Loaded: 00007FFF02420000 C:\Windows\System32\dxgi.dll
[SYMBOL] [DIA] Skipping non-existent PDB: C:\Windows\System32\Microsoft.Internal.WarpPal.pdb
[SYMBOL] No symbols loaded for: microsoft.internal.warppal.dll
[TODO] Not implemented GUI_PROCESS_EVENTS (91)
[SYMBOL] [DIA] Skipping non-existent PDB: C:\Windows\System32\microsoft.internal.warppal.pdb
[SYMBOL] No symbols loaded for: microsoft.internal.warppal.dll
[SYMBOL] [DIA] Skipping non-existent PDB: .\symbols\powrprof.pdb\4C3CA2761B95AF4F1653318F5E7179991\powrprof.pdb
[SYMBOL] No symbols loaded for: powrprof.dll
[SYMBOL] [DIA] Skipping non-existent PDB: C:\Windows\System32\powrprof.pdb
[SYMBOL] No symbols loaded for: powrprof.dll
[SYMBOL] [DIA] Skipping non-existent PDB: C:\Windows\System32\powrprof.pdb
[SYMBOL] No symbols loaded for: powrprof.dll
[SYMBOL] [DIA] Skipping non-existent PDB: .\symbols\UMPDC.pdb\2BC23DF8B29626EA29F8AF116172D4441\UMPDC.pdb
[SYMBOL] No symbols loaded for: umpdc.dll
[SYMBOL] [DIA] Skipping non-existent PDB: C:\Windows\System32\UMPDC.pdb
[SYMBOL] No symbols loaded for: umpdc.dll
DLL Loaded: 00007FFF00560000 C:\Windows\System32\Microsoft.Internal.WarpPal.dll
DLL Loaded: 00007FFF03E70000 C:\Windows\System32\powrprof.dll
[SYMBOL] [DIA] Skipping non-existent PDB: C:\Windows\System32\umpdc.pdb
[TODO] Not implemented GUI_PROCESS_EVENTS (91)
[SYMBOL] No symbols loaded for: umpdc.dll
[SYMBOL] [DIA] Skipping non-existent PDB: .\symbols\image.module.pdb\550204A774D9423DAB37739B35EEE33C1\image.module.pdb
[SYMBOL] No symbols loaded for: image.module.xdl64
[SYMBOL] [DIA] Skipping non-existent PDB: C:\builds\maxondev\dev\zbrush\maxon-core\_build\v143_release\bin\Release\corelibs\image.module.pdb
[SYMBOL] No symbols loaded for: image.module.xdl64
[SYMBOL] [DIA] Skipping non-existent PDB: C:\Program Files\Maxon ZBrush 2026\corelibs\image.module.pdb
[SYMBOL] No symbols loaded for: image.module.xdl64
[SYMBOL] [DIA] Skipping non-existent PDB: C:\Program Files\Maxon ZBrush 2026\corelibs\image.module.pdb
[SYMBOL] No symbols loaded for: image.module.xdl64
[SYMBOL] [DIA] Skipping non-existent PDB: .\symbols\avifil32.pdb\0F8CE3C3B50ADA2A95A60F9127A881291\avifil32.pdb
[SYMBOL] No symbols loaded for: avifil32.dll
[SYMBOL] [DIA] Skipping non-existent PDB: C:\Windows\System32\avifil32.pdb
[SYMBOL] No symbols loaded for: avifil32.dll
[SYMBOL] [DIA] Skipping non-existent PDB: C:\Windows\System32\avifil32.pdb
DLL Loaded: 00007FFF03E50000 C:\Windows\System32\umpdc.dll
DLL Loaded: 00007FFE3C230000 C:\Program Files\Maxon ZBrush 2026\corelibs\image.module.xdl64
[SYMBOL] No symbols loaded for: avifil32.dll
[TODO] Not implemented GUI_PROCESS_EVENTS (91)
[SYMBOL] [DIA] Skipping non-existent PDB: .\symbols\msacm32.pdb\0F7F24EE2CA64B36B76647B8E10A5B771\msacm32.pdb
[SYMBOL] No symbols loaded for: msacm32.dll
[SYMBOL] [DIA] Skipping non-existent PDB: C:\Windows\System32\msacm32.pdb
[SYMBOL] No symbols loaded for: msacm32.dll
[SYMBOL] [DIA] Skipping non-existent PDB: C:\Windows\System32\msacm32.pdb
[SYMBOL] No symbols loaded for: msacm32.dll
[SYMBOL] [DIA] Skipping non-existent PDB: .\symbols\image_avfoundation.module.pdb\F0052BF73B184779B231BB3FCCD55E161\image_avfoundation.module.pdb
[SYMBOL] No symbols loaded for: image_avfoundation.module.xdl64
[SYMBOL] [DIA] Skipping non-existent PDB: C:\builds\maxondev\dev\zbrush\maxon-core\_build\v143_release\bin\Release\corelibs\image_avfoundation.module.pdb
[SYMBOL] No symbols loaded for: image_avfoundation.module.xdl64
[SYMBOL] [DIA] Skipping non-existent PDB: C:\Program Files\Maxon ZBrush 2026\corelibs\image_avfoundation.module.pdb
[SYMBOL] No symbols loaded for: image_avfoundation.module.xdl64
DLL Loaded: 00007FFEDF490000 C:\Windows\System32\avifil32.dll
DLL Loaded: 00007FFEDA1D0000 C:\Windows\System32\msacm32.dll
[SYMBOL] [DIA] Skipping non-existent PDB: C:\Program Files\Maxon ZBrush 2026\corelibs\image_avfoundation.module.pdb
[TODO] Not implemented GUI_PROCESS_EVENTS (91)
[SYMBOL] No symbols loaded for: image_avfoundation.module.xdl64
[SYMBOL] [DIA] Skipping non-existent PDB: .\symbols\misc.module.pdb\CA6233E13B8F439188B01670B26DA77C1\misc.module.pdb
[SYMBOL] No symbols loaded for: misc.module.xdl64
[SYMBOL] [DIA] Skipping non-existent PDB: C:\builds\maxondev\dev\zbrush\maxon-core\_build\v143_release\bin\Release\corelibs\misc.module.pdb
[SYMBOL] No symbols loaded for: misc.module.xdl64
[SYMBOL] [DIA] Skipping non-existent PDB: C:\Program Files\Maxon ZBrush 2026\corelibs\misc.module.pdb
[SYMBOL] No symbols loaded for: misc.module.xdl64
[SYMBOL] [DIA] Skipping non-existent PDB: C:\Program Files\Maxon ZBrush 2026\corelibs\misc.module.pdb
[SYMBOL] No symbols loaded for: misc.module.xdl64
[SYMBOL] [DIA] Skipping non-existent PDB: .\symbols\MxaxClient.pdb\C00969DE2AED4C4CA4F9FE6572D828421\MxaxClient.pdb
[SYMBOL] No symbols loaded for: mxaxclient.dll
[SYMBOL] [DIA] Skipping non-existent PDB: D:\GitLab-Runner\builds\feature-mxa-ma-7574-separate-standalone-0-0-mx-access\mx-access\mxanalytics\outputs\Release\MxaxClient.pdb
DLL Loaded: 00007FFEDA190000 C:\Program Files\Maxon ZBrush 2026\corelibs\image_avfoundation.module.xdl64
DLL Loaded: 00007FFE416F0000 C:\Program Files\Maxon ZBrush 2026\corelibs\misc.module.xdl64
[SYMBOL] No symbols loaded for: mxaxclient.dll
[TODO] Not implemented GUI_PROCESS_EVENTS (91)
[SYMBOL] [DIA] Skipping non-existent PDB: C:\Program Files\Maxon ZBrush 2026\resource\modules\misc.module\libs\win64\MxaxClient.pdb
[SYMBOL] No symbols loaded for: mxaxclient.dll
[SYMBOL] [DIA] Skipping non-existent PDB: C:\Program Files\Maxon ZBrush 2026\resource\modules\misc.module\libs\win64\mxaxclient.pdb
[SYMBOL] No symbols loaded for: mxaxclient.dll
[SYMBOL] [DIA] Skipping non-existent PDB: .\symbols\winhttp.pdb\7B88370D5E2735DCEBEF7548623722211\winhttp.pdb
[SYMBOL] No symbols loaded for: winhttp.dll
[SYMBOL] [DIA] Skipping non-existent PDB: C:\Windows\System32\winhttp.pdb
[SYMBOL] No symbols loaded for: winhttp.dll
[SYMBOL] [DIA] Skipping non-existent PDB: C:\Windows\System32\winhttp.pdb
[SYMBOL] No symbols loaded for: winhttp.dll
[SYMBOL] [DIA] Skipping non-existent PDB: .\symbols\netapi32.pdb\E643EF0F87D93218FF6CC1E99938D5801\netapi32.pdb
[SYMBOL] No symbols loaded for: netapi32.dll
[SYMBOL] [DIA] Skipping non-existent PDB: C:\Windows\System32\netapi32.pdb
[SYMBOL] No symbols loaded for: netapi32.dll
DLL Loaded: 00007FFE41230000 C:\Program Files\Maxon ZBrush 2026\resource\modules\misc.module\libs\win64\MxaxClient.dll
DLL Loaded: 00007FFEFDBF0000 C:\Windows\System32\winhttp.dll
[SYMBOL] [DIA] Skipping non-existent PDB: C:\Windows\System32\netapi32.pdb
[TODO] Not implemented GUI_PROCESS_EVENTS (91)
[SYMBOL] No symbols loaded for: netapi32.dll
[SYMBOL] [DIA] Skipping non-existent PDB: .\symbols\netutils.pdb\A62B5BE79F6C45E02EEA8270BB52C5D71\netutils.pdb
[SYMBOL] No symbols loaded for: netutils.dll
[SYMBOL] [DIA] Skipping non-existent PDB: C:\Windows\System32\netutils.pdb
[SYMBOL] No symbols loaded for: netutils.dll
[SYMBOL] [DIA] Skipping non-existent PDB: C:\Windows\System32\netutils.pdb
[SYMBOL] No symbols loaded for: netutils.dll
[SYMBOL] [DIA] Skipping non-existent PDB: .\symbols\gpapi.pdb\625D33AFF46984EE4601A6BF55E51BC11\gpapi.pdb
[SYMBOL] No symbols loaded for: gpapi.dll
[SYMBOL] [DIA] Skipping non-existent PDB: C:\Windows\System32\gpapi.pdb
[SYMBOL] No symbols loaded for: gpapi.dll
[SYMBOL] [DIA] Skipping non-existent PDB: C:\Windows\System32\gpapi.pdb
[SYMBOL] No symbols loaded for: gpapi.dll
[SYMBOL] [DIA] Skipping non-existent PDB: .\symbols\cryptnet.pdb\7750FA54BA45AFEA0A2BC03D58A36A461\cryptnet.pdb
[SYMBOL] No symbols loaded for: cryptnet.dll
DLL Loaded: 00007FFEE6830000 C:\Windows\System32\netapi32.dll
DLL Loaded: 00007FFF03A20000 C:\Windows\System32\netutils.dll
DLL Loaded: 00007FFF04770000 C:\Windows\System32\gpapi.dll
[TODO] Not implemented GUI_PROCESS_EVENTS (91)
[SYMBOL] [DIA] Skipping non-existent PDB: C:\Windows\System32\cryptnet.pdb
[SYMBOL] No symbols loaded for: cryptnet.dll
[SYMBOL] [DIA] Skipping non-existent PDB: C:\Windows\System32\cryptnet.pdb
[SYMBOL] No symbols loaded for: cryptnet.dll
[SYMBOL] [DIA] Skipping non-existent PDB: .\symbols\profapi.pdb\FEC269D401D56E0693491187AD89E2CA1\profapi.pdb
[SYMBOL] No symbols loaded for: profapi.dll
[SYMBOL] [DIA] Skipping non-existent PDB: C:\Windows\System32\profapi.pdb
[SYMBOL] No symbols loaded for: profapi.dll
[SYMBOL] [DIA] Skipping non-existent PDB: C:\Windows\System32\profapi.pdb
[SYMBOL] No symbols loaded for: profapi.dll
[SYMBOL] [DIA] Skipping non-existent PDB: .\symbols\winnsi.pdb\4D9196EB64F95113C59452C6844A00911\winnsi.pdb
[SYMBOL] No symbols loaded for: winnsi.dll
[SYMBOL] [DIA] Skipping non-existent PDB: C:\Windows\System32\winnsi.pdb
[SYMBOL] No symbols loaded for: winnsi.dll
[SYMBOL] [DIA] Skipping non-existent PDB: C:\Windows\System32\winnsi.pdb
[SYMBOL] No symbols loaded for: winnsi.dll
[TODO] Not implemented GUI_PROCESS_EVENTS (91)
DLL Loaded: 00007FFEF1E70000 C:\Windows\System32\cryptnet.dll
DLL Loaded: 00007FFF05240000 C:\Windows\System32\profapi.dll
DLL Loaded: 00007FFF02310000 C:\Windows\System32\winnsi.dll
[SYMBOL] [DIA] Skipping non-existent PDB: .\symbols\nsi.pdb\3CFA3EF128764B14D4DC25E22DD410CE1\nsi.pdb
[SYMBOL] No symbols loaded for: nsi.dll
[SYMBOL] [DIA] Skipping non-existent PDB: C:\Windows\System32\nsi.pdb
[SYMBOL] No symbols loaded for: nsi.dll
[SYMBOL] [DIA] Skipping non-existent PDB: C:\Windows\System32\nsi.pdb
[SYMBOL] No symbols loaded for: nsi.dll
[SYMBOL] [DIA] Skipping non-existent PDB: .\symbols\wintab32.pdb\7918040D18854D6BA39157BEF681BBC64\wintab32.pdb
[SYMBOL] No symbols loaded for: wintab32.dll
[SYMBOL] [DIA] Skipping non-existent PDB: E:\SVN_140_6_Driver\DriverV20\Src_DriverWin\Apps\DriverV20\src\wintab\wintab32\Out\x64\release\wintab32.pdb
[SYMBOL] No symbols loaded for: wintab32.dll
[SYMBOL] [DIA] Skipping non-existent PDB: C:\Windows\System32\wintab32.pdb
[SYMBOL] No symbols loaded for: wintab32.dll
[SYMBOL] [DIA] Skipping non-existent PDB: C:\Windows\System32\wintab32.pdb
[SYMBOL] No symbols loaded for: wintab32.dll
[SYMBOL] [DIA] Skipping non-existent PDB: .\symbols\dciman32.pdb\1A48E5FFC35886396AF4B597BCE9D3EF1\dciman32.pdb
[SYMBOL] No symbols loaded for: dciman32.dll
[TODO] Not implemented GUI_PROCESS_EVENTS (91)
[SYMBOL] [DIA] Skipping non-existent PDB: C:\Windows\System32\dciman32.pdb
DLL Loaded: 00007FFF06900000 C:\Windows\System32\nsi.dll
DLL Loaded: 00007FFEDA160000 C:\Windows\System32\wintab32.dll
[SYMBOL] No symbols loaded for: dciman32.dll
[SYMBOL] [DIA] Skipping non-existent PDB: C:\Windows\System32\dciman32.pdb
[SYMBOL] No symbols loaded for: dciman32.dll
[SYMBOL] [DIA] Skipping non-existent PDB: .\symbols\command.module.pdb\52C1DA8505E84C068D087E61FC0E493C1\command.module.pdb
[SYMBOL] No symbols loaded for: command.module.xdl64
[SYMBOL] [DIA] Skipping non-existent PDB: C:\builds\maxondev\dev\zbrush\maxon-core\_build\v143_release\bin\Release\corelibs\command.module.pdb
[SYMBOL] No symbols loaded for: command.module.xdl64
[SYMBOL] [DIA] Skipping non-existent PDB: C:\Program Files\Maxon ZBrush 2026\corelibs\command.module.pdb
[SYMBOL] No symbols loaded for: command.module.xdl64
[SYMBOL] [DIA] Skipping non-existent PDB: C:\Program Files\Maxon ZBrush 2026\corelibs\command.module.pdb
[SYMBOL] No symbols loaded for: command.module.xdl64
[SYMBOL] [DIA] Skipping non-existent PDB: .\symbols\core_reflection.module.pdb\BD7800CE18504118BD4F0693E3FFE98E1\core_reflection.module.pdb
[TODO] Not implemented GUI_PROCESS_EVENTS (91)
[SYMBOL] No symbols loaded for: core_reflection.module.xdl64
[SYMBOL] [DIA] Skipping non-existent PDB: C:\builds\maxondev\dev\zbrush\maxon-core\_build\v143_release\bin\Release\corelibs\core_reflection.module.pdb
DLL Loaded: 00007FFE52FE0000 C:\Windows\System32\dciman32.dll
DLL Loaded: 00007FFED7F30000 C:\Program Files\Maxon ZBrush 2026\corelibs\command.module.xdl64
[SYMBOL] No symbols loaded for: core_reflection.module.xdl64
[SYMBOL] [DIA] Skipping non-existent PDB: C:\Program Files\Maxon ZBrush 2026\corelibs\core_reflection.module.pdb
[SYMBOL] No symbols loaded for: core_reflection.module.xdl64
[SYMBOL] [DIA] Skipping non-existent PDB: C:\Program Files\Maxon ZBrush 2026\corelibs\core_reflection.module.pdb
[SYMBOL] No symbols loaded for: core_reflection.module.xdl64
[SYMBOL] [DIA] Skipping non-existent PDB: .\symbols\crashhandler.module.pdb\EC2CC895B9D448C5ADE5890586AED1581\crashhandler.module.pdb
[SYMBOL] No symbols loaded for: crashhandler.module.xdl64
[SYMBOL] [DIA] Skipping non-existent PDB: C:\builds\maxondev\dev\zbrush\maxon-core\_build\v143_release\bin\Release\corelibs\crashhandler.module.pdb
[SYMBOL] No symbols loaded for: crashhandler.module.xdl64
[TODO] Not implemented GUI_PROCESS_EVENTS (91)
[SYMBOL] [DIA] Skipping non-existent PDB: C:\Program Files\Maxon ZBrush 2026\corelibs\crashhandler.module.pdb
[SYMBOL] No symbols loaded for: crashhandler.module.xdl64
[SYMBOL] [DIA] Skipping non-existent PDB: C:\Program Files\Maxon ZBrush 2026\corelibs\crashhandler.module.pdb
DLL Loaded: 00007FFE482F0000 C:\Program Files\Maxon ZBrush 2026\corelibs\core_reflection.module.xdl64
[SYMBOL] No symbols loaded for: crashhandler.module.xdl64
[SYMBOL] [DIA] Skipping non-existent PDB: .\symbols\dbghelp.pdb\E758EC7BBB8ABB3A471F5FABB04227281\dbghelp.pdb
[SYMBOL] No symbols loaded for: dbghelp.dll
[SYMBOL] [DIA] Skipping non-existent PDB: C:\Windows\System32\dbghelp.pdb
[SYMBOL] No symbols loaded for: dbghelp.dll
[SYMBOL] [DIA] Skipping non-existent PDB: C:\Windows\System32\dbghelp.pdb
[SYMBOL] No symbols loaded for: dbghelp.dll
[SYMBOL] [DIA] Skipping non-existent PDB: .\symbols\dbgcore.pdb\E6FCD66F4705A3356CAE72CDF41B3D031\dbgcore.pdb
[SYMBOL] No symbols loaded for: dbgcore.dll
[SYMBOL] [DIA] Skipping non-existent PDB: C:\Windows\System32\dbgcore.pdb
[SYMBOL] No symbols loaded for: dbgcore.dll
[TODO] Not implemented GUI_PROCESS_EVENTS (91)
[SYMBOL] [DIA] Skipping non-existent PDB: C:\Windows\System32\dbgcore.pdb
[SYMBOL] No symbols loaded for: dbgcore.dll
[SYMBOL] [DIA] Skipping non-existent PDB: .\symbols\embree.module.pdb\B3EC851434B04EEB915F6670EAE926401\embree.module.pdb
[SYMBOL] No symbols loaded for: embree.module.xdl64
[SYMBOL] [DIA] Skipping non-existent PDB: C:\builds\maxondev\dev\zbrush\maxon-core\_build\v143_release\bin\Release\corelibs\embree.module.pdb
[SYMBOL] No symbols loaded for: embree.module.xdl64
DLL Loaded: 00007FFE90AA0000 C:\Program Files\Maxon ZBrush 2026\corelibs\crashhandler.module.xdl64
DLL Loaded: 00007FFF02F50000 C:\Windows\System32\dbghelp.dll
DLL Loaded: 00007FFECFCE0000 C:\Windows\System32\dbgcore.dll
[SYMBOL] [DIA] Skipping non-existent PDB: C:\Program Files\Maxon ZBrush 2026\corelibs\embree.module.pdb
[SYMBOL] No symbols loaded for: embree.module.xdl64
[SYMBOL] [DIA] Skipping non-existent PDB: C:\Program Files\Maxon ZBrush 2026\corelibs\embree.module.pdb
[SYMBOL] No symbols loaded for: embree.module.xdl64
[SYMBOL] [DIA] Skipping non-existent PDB: .\symbols\licensing.module.pdb\FDE27847CED74081A7162DBBF82E306E1\licensing.module.pdb
[SYMBOL] No symbols loaded for: licensing.module.xdl64
[TODO] Not implemented GUI_PROCESS_EVENTS (91)
[SYMBOL] [DIA] Skipping non-existent PDB: C:\builds\maxondev\dev\zbrush\maxon-core\_build\v143_release\bin\Release\corelibs\licensing.module.pdb
[SYMBOL] No symbols loaded for: licensing.module.xdl64
[SYMBOL] [DIA] Skipping non-existent PDB: C:\Program Files\Maxon ZBrush 2026\corelibs\licensing.module.pdb
[SYMBOL] No symbols loaded for: licensing.module.xdl64
[SYMBOL] [DIA] Skipping non-existent PDB: C:\Program Files\Maxon ZBrush 2026\corelibs\licensing.module.pdb
[SYMBOL] No symbols loaded for: licensing.module.xdl64
[SYMBOL] [DIA] Skipping non-existent PDB: .\symbols\modeling_geom.module.pdb\F30C21EDDD1F454ABF767FF2834C246C1\modeling_geom.module.pdb
[SYMBOL] No symbols loaded for: modeling_geom.module.xdl64
[SYMBOL] [DIA] Skipping non-existent PDB: C:\builds\maxondev\dev\zbrush\maxon-core\_build\v143_release\bin\Release\corelibs\modeling_geom.module.pdb
DLL Loaded: 00007FFE40F90000 C:\Program Files\Maxon ZBrush 2026\corelibs\embree.module.xdl64
DLL Loaded: 00007FFE32D40000 C:\Program Files\Maxon ZBrush 2026\resource\modules\embree.module\libs\win64\embree3maxon.dll
DLL Loaded: 00007FFE40E20000 C:\Program Files\Maxon ZBrush 2026\corelibs\licensing.module.xdl64
[SYMBOL] No symbols loaded for: modeling_geom.module.xdl64
[SYMBOL] [DIA] Skipping non-existent PDB: C:\Program Files\Maxon ZBrush 2026\corelibs\modeling_geom.module.pdb
[TODO] Not implemented GUI_PROCESS_EVENTS (91)
[SYMBOL] No symbols loaded for: modeling_geom.module.xdl64
[SYMBOL] [DIA] Skipping non-existent PDB: C:\Program Files\Maxon ZBrush 2026\corelibs\modeling_geom.module.pdb
[SYMBOL] No symbols loaded for: modeling_geom.module.xdl64
[SYMBOL] [DIA] Skipping non-existent PDB: .\symbols\modeling_geometry_abstraction.module.pdb\5AFB956B159D403FB510207572FCA58F1\modeling_geometry_abstraction.module.pdb
[SYMBOL] No symbols loaded for: modeling_geometry_abstraction.module.xdl64
[SYMBOL] [DIA] Skipping non-existent PDB: C:\builds\maxondev\dev\zbrush\maxon-core\_build\v143_release\bin\Release\corelibs\modeling_geometry_abstraction.module.pdb
[SYMBOL] No symbols loaded for: modeling_geometry_abstraction.module.xdl64
[SYMBOL] [DIA] Skipping non-existent PDB: C:\Program Files\Maxon ZBrush 2026\corelibs\modeling_geometry_abstraction.module.pdb
[SYMBOL] No symbols loaded for: modeling_geometry_abstraction.module.xdl64
[SYMBOL] [DIA] Skipping non-existent PDB: C:\Program Files\Maxon ZBrush 2026\corelibs\modeling_geometry_abstraction.module.pdb
DLL Loaded: 00007FFE40C00000 C:\Program Files\Maxon ZBrush 2026\corelibs\modeling_geom.module.xdl64
[SYMBOL] No symbols loaded for: modeling_geometry_abstraction.module.xdl64
[TODO] Not implemented GUI_PROCESS_EVENTS (91)
[SYMBOL] [DIA] Skipping non-existent PDB: .\symbols\network.module.pdb\D19B5CD2D342447C8C08F9E3B15DCF5A1\network.module.pdb
[SYMBOL] No symbols loaded for: network.module.xdl64
[SYMBOL] [DIA] Skipping non-existent PDB: C:\builds\maxondev\dev\zbrush\maxon-core\_build\v143_release\bin\Release\corelibs\network.module.pdb
[SYMBOL] No symbols loaded for: network.module.xdl64
[SYMBOL] [DIA] Skipping non-existent PDB: C:\Program Files\Maxon ZBrush 2026\corelibs\network.module.pdb
[SYMBOL] No symbols loaded for: network.module.xdl64
[SYMBOL] [DIA] Skipping non-existent PDB: C:\Program Files\Maxon ZBrush 2026\corelibs\network.module.pdb
[SYMBOL] No symbols loaded for: network.module.xdl64
[SYMBOL] [DIA] Skipping non-existent PDB: .\symbols\dnssd.dll.pdb\C9A81B24012F44EB9825FE3102BE43CD2\dnssd.dll.pdb
[SYMBOL] No symbols loaded for: dnssd.dll
[SYMBOL] [DIA] Skipping non-existent PDB: C:\bwa\BonjourWin_x64-86\srcroot\mDNSWindows\DLL\x64\Release\dnssd.dll.pdb
[SYMBOL] No symbols loaded for: dnssd.dll
[SYMBOL] [DIA] Skipping non-existent PDB: C:\Windows\System32\dnssd.dll.pdb
[SYMBOL] No symbols loaded for: dnssd.dll
[SYMBOL] [DIA] Skipping non-existent PDB: C:\Windows\System32\dnssd.pdb
[SYMBOL] No symbols loaded for: dnssd.dll
DLL Loaded: 00007FFE3E250000 C:\Program Files\Maxon ZBrush 2026\corelibs\modeling_geometry_abstraction.module.xdl64
DLL Loaded: 00007FFE3E050000 C:\Program Files\Maxon ZBrush 2026\corelibs\network.module.xdl64
[SYMBOL] [DIA] Skipping non-existent PDB: .\symbols\mswsock.pdb\34EFD8B89462C51286C1C67F28F11C561\mswsock.pdb
[TODO] Not implemented GUI_PROCESS_EVENTS (91)
[SYMBOL] No symbols loaded for: mswsock.dll
[SYMBOL] [DIA] Skipping non-existent PDB: C:\Windows\System32\mswsock.pdb
[SYMBOL] No symbols loaded for: mswsock.dll
[SYMBOL] [DIA] Skipping non-existent PDB: C:\Windows\System32\mswsock.pdb
[SYMBOL] No symbols loaded for: mswsock.dll
[SYMBOL] [DIA] Skipping non-existent PDB: .\symbols\mscms.pdb\4E532BAB1A994FDE953D2BCC0FB9FC301\mscms.pdb
[SYMBOL] No symbols loaded for: mscms.dll
[SYMBOL] [DIA] Skipping non-existent PDB: C:\Windows\System32\mscms.pdb
[SYMBOL] No symbols loaded for: mscms.dll
[SYMBOL] [DIA] Skipping non-existent PDB: C:\Windows\System32\mscms.pdb
[SYMBOL] No symbols loaded for: mscms.dll
[SYMBOL] [DIA] Skipping non-existent PDB: .\symbols\directxdatabasehelper.pdb\ED943E4A7E85988FDD51F959D9D5901F1\directxdatabasehelper.pdb
[SYMBOL] No symbols loaded for: directxdatabasehelper.dll
[SYMBOL] [DIA] Skipping non-existent PDB: C:\Windows\System32\directxdatabasehelper.pdb
[SYMBOL] No symbols loaded for: directxdatabasehelper.dll
[SYMBOL] [DIA] Skipping non-existent PDB: C:\Windows\System32\directxdatabasehelper.pdb
[SYMBOL] No symbols loaded for: directxdatabasehelper.dll
DLL Loaded: 0000000058450000 C:\Windows\System32\dnssd.dll
DLL Loaded: 00007FFF04700000 C:\Windows\System32\mswsock.dll
DLL Loaded: 00007FFEFE4D0000 C:\Windows\System32\mscms.dll
[SYMBOL] [DIA] Skipping non-existent PDB: .\symbols\nvldumdx.pdb\57E8EBD87F3F4F04882577DA31591B7F1\nvldumdx.pdb
[SYMBOL] No symbols loaded for: nvldumdx.dll
[TODO] Not implemented GUI_PROCESS_EVENTS (91)
[SYMBOL] [DIA] Skipping non-existent PDB: C:\dvs\p4\build\sw\rel\gpu_drv\r610\r610_45\drivers\nvldumd\_out\wddm2_amd64_release\nvldumdx.pdb
[SYMBOL] No symbols loaded for: nvldumdx.dll
[SYMBOL] [DIA] Skipping non-existent PDB: C:\Windows\System32\DriverStore\FileRepository\nvltsi.inf_amd64_cfede825d5a4511a\nvldumdx.pdb
[SYMBOL] No symbols loaded for: nvldumdx.dll
[SYMBOL] [DIA] Skipping non-existent PDB: C:\Windows\System32\DriverStore\FileRepository\nvltsi.inf_amd64_cfede825d5a4511a\nvldumdx.pdb
[SYMBOL] No symbols loaded for: nvldumdx.dll
[SYMBOL] [DIA] Skipping non-existent PDB: .\symbols\wldp.pdb\8B621BABD1CFB5414EE03E20149D60ED1\wldp.pdb
[SYMBOL] No symbols loaded for: wldp.dll
[SYMBOL] [DIA] Skipping non-existent PDB: C:\Windows\System32\wldp.pdb
[SYMBOL] No symbols loaded for: wldp.dll
[SYMBOL] [DIA] Skipping non-existent PDB: C:\Windows\System32\wldp.pdb
[SYMBOL] No symbols loaded for: wldp.dll
[SYMBOL] [DIA] Skipping non-existent PDB: .\symbols\drvstore.pdb\28AF4A51CCD62589CBD5799B680BF1BD1\drvstore.pdb
[SYMBOL] No symbols loaded for: drvstore.dll
DLL Loaded: 00007FFEFF780000 C:\Windows\System32\directxdatabasehelper.dll
DLL Loaded: 00007FFEBDCA0000 C:\Windows\System32\DriverStore\FileRepository\nvltsi.inf_amd64_cfede825d5a4511a\nvldumdx.dll
DLL Loaded: 00007FFF04AD0000 C:\Windows\System32\wldp.dll
[SYMBOL] [DIA] Skipping non-existent PDB: C:\Windows\System32\drvstore.pdb
[SYMBOL] No symbols loaded for: drvstore.dll
[TODO] Not implemented GUI_PROCESS_EVENTS (91)
[SYMBOL] [DIA] Skipping non-existent PDB: C:\Windows\System32\drvstore.pdb
[SYMBOL] No symbols loaded for: drvstore.dll
[SYMBOL] [DIA] Skipping non-existent PDB: .\symbols\devobj.pdb\43010B9B976DC9B23F42A402D8526F781\devobj.pdb
[SYMBOL] No symbols loaded for: devobj.dll
[SYMBOL] [DIA] Skipping non-existent PDB: C:\Windows\System32\devobj.pdb
[SYMBOL] No symbols loaded for: devobj.dll
[SYMBOL] [DIA] Skipping non-existent PDB: C:\Windows\System32\devobj.pdb
[SYMBOL] No symbols loaded for: devobj.dll
[SYMBOL] [DIA] Skipping non-existent PDB: .\symbols\nvgpucomp64.pdb\8EBA3FC740CB45118AEAAF582D9065351\nvgpucomp64.pdb
[SYMBOL] No symbols loaded for: nvgpucomp64.dll
[SYMBOL] [DIA] Skipping non-existent PDB: C:\Windows\System32\DriverStore\FileRepository\nvltsi.inf_amd64_cfede825d5a4511a\nvgpucomp64.pdb
[SYMBOL] No symbols loaded for: nvgpucomp64.dll
[SYMBOL] [DIA] Skipping non-existent PDB: C:\Windows\System32\DriverStore\FileRepository\nvltsi.inf_amd64_cfede825d5a4511a\nvgpucomp64.pdb
[SYMBOL] No symbols loaded for: nvgpucomp64.dll
DLL Loaded: 00007FFEF1650000 C:\Windows\System32\drvstore.dll
DLL Loaded: 00007FFF04F70000 C:\Windows\System32\devobj.dll
[SYMBOL] [DIA] Skipping non-existent PDB: .\symbols\NvMemMapStoragex.pdb\16FB45DFB7C8420E88B7CDC209C1B9D01\NvMemMapStoragex.pdb
[SYMBOL] No symbols loaded for: nvmemmapstoragex.dll
[TODO] Not implemented GUI_PROCESS_EVENTS (91)
[SYMBOL] [DIA] Skipping non-existent PDB: C:\dvs\p4\build\sw\rel\gpu_drv\r610\r610_45\drivers\common\diskCache\memMapStorageDll\_out\wddm2_amd64_release\NvMemMapStoragex.pdb
[SYMBOL] No symbols loaded for: nvmemmapstoragex.dll
[SYMBOL] [DIA] Skipping non-existent PDB: C:\Windows\System32\DriverStore\FileRepository\nvltsi.inf_amd64_cfede825d5a4511a\NvMemMapStoragex.pdb
[SYMBOL] No symbols loaded for: nvmemmapstoragex.dll
[SYMBOL] [DIA] Skipping non-existent PDB: C:\Windows\System32\DriverStore\FileRepository\nvltsi.inf_amd64_cfede825d5a4511a\nvmemmapstoragex.pdb
[SYMBOL] No symbols loaded for: nvmemmapstoragex.dll
[SYMBOL] [DIA] Skipping non-existent PDB: .\symbols\nvwgf2umx.pdb\14427261F6814C66A9F75B91F27F00521\nvwgf2umx.pdb
[SYMBOL] No symbols loaded for: nvwgf2umx.dll
[SYMBOL] [DIA] Skipping non-existent PDB: C:\dvs\p4\build\sw\rel\gpu_drv\r610\r610_45\drivers\wgf2um\_out\wddm2_amd64_release\nvwgf2umx.pdb
[SYMBOL] No symbols loaded for: nvwgf2umx.dll
DLL Loaded: 00007FFEB52E0000 C:\Windows\System32\DriverStore\FileRepository\nvltsi.inf_amd64_cfede825d5a4511a\nvgpucomp64.dll
DLL Loaded: 00007FFEB1C60000 C:\Windows\System32\DriverStore\FileRepository\nvltsi.inf_amd64_cfede825d5a4511a\NvMemMapStoragex.dll
[SYMBOL] [DIA] Skipping non-existent PDB: C:\Windows\System32\DriverStore\FileRepository\nvltsi.inf_amd64_cfede825d5a4511a\nvwgf2umx.pdb
[TODO] Not implemented GUI_PROCESS_EVENTS (91)
[SYMBOL] No symbols loaded for: nvwgf2umx.dll
[SYMBOL] [DIA] Skipping non-existent PDB: C:\Windows\System32\DriverStore\FileRepository\nvltsi.inf_amd64_cfede825d5a4511a\nvwgf2umx.pdb
[SYMBOL] No symbols loaded for: nvwgf2umx.dll
[SYMBOL] [DIA] Skipping non-existent PDB: .\symbols\nvspcap64.pdb\F3AF255D45E84A06990E7E443F59836120\nvspcap64.pdb
[SYMBOL] No symbols loaded for: nvspcap64.dll
[SYMBOL] [DIA] Skipping non-existent PDB: C:\dvs\p4\build\sw\rel\gfclient\nvapp_11_08\shadowplay2\proxy\win7_amd64_release\nvspcap64.pdb
[SYMBOL] No symbols loaded for: nvspcap64.dll
[SYMBOL] [DIA] Skipping non-existent PDB: C:\Windows\System32\nvspcap64.pdb
[SYMBOL] No symbols loaded for: nvspcap64.dll
[SYMBOL] [DIA] Skipping non-existent PDB: C:\Windows\System32\nvspcap64.pdb
[SYMBOL] No symbols loaded for: nvspcap64.dll
DLL Loaded: 00007FFEAC390000 C:\Windows\System32\DriverStore\FileRepository\nvltsi.inf_amd64_cfede825d5a4511a\nvwgf2umx.dll
[SYMBOL] [DIA] Skipping non-existent PDB: .\symbols\ntmarta.pdb\A1E053A1582C23463F30DF9CEC4FB8691\ntmarta.pdb
[TODO] Not implemented GUI_PROCESS_EVENTS (91)
[SYMBOL] No symbols loaded for: ntmarta.dll
[SYMBOL] [DIA] Skipping non-existent PDB: C:\Windows\System32\ntmarta.pdb
[SYMBOL] No symbols loaded for: ntmarta.dll
[SYMBOL] [DIA] Skipping non-existent PDB: C:\Windows\System32\ntmarta.pdb
[SYMBOL] No symbols loaded for: ntmarta.dll
[SYMBOL] [DIA] Skipping non-existent PDB: .\symbols\nvppex.pdb\91578713DE454AC9A4CB5CFC1D8A70FD1\nvppex.pdb
[SYMBOL] No symbols loaded for: nvppex.dll
[SYMBOL] [DIA] Skipping non-existent PDB: C:\dvs\p4\build\sw\rel\gpu_drv\r610\r610_45\drivers\ppe\_out\wddm2_amd64_release\nvppex.pdb
[SYMBOL] No symbols loaded for: nvppex.dll
[SYMBOL] [DIA] Skipping non-existent PDB: C:\Windows\System32\DriverStore\FileRepository\nvltsi.inf_amd64_cfede825d5a4511a\nvppex.pdb
[SYMBOL] No symbols loaded for: nvppex.dll
[SYMBOL] [DIA] Skipping non-existent PDB: C:\Windows\System32\DriverStore\FileRepository\nvltsi.inf_amd64_cfede825d5a4511a\nvppex.pdb
[SYMBOL] No symbols loaded for: nvppex.dll
DLL Loaded: 00007FFE9F3D0000 C:\Windows\System32\nvspcap64.dll
DLL Loaded: 00007FFF04290000 C:\Windows\System32\ntmarta.dll
[SYMBOL] [DIA] Skipping non-existent PDB: .\symbols\DataExchange.pdb\291A056C70E703303358E6A027F06CCB1\DataExchange.pdb
[TODO] Not implemented GUI_PROCESS_EVENTS (91)
[SYMBOL] No symbols loaded for: dataexchange.dll
[SYMBOL] [DIA] Skipping non-existent PDB: C:\Windows\System32\DataExchange.pdb
[SYMBOL] No symbols loaded for: dataexchange.dll
[SYMBOL] [DIA] Skipping non-existent PDB: C:\Windows\System32\dataexchange.pdb
[SYMBOL] No symbols loaded for: dataexchange.dll
[SYMBOL] [DIA] Skipping non-existent PDB: .\symbols\twinapi.appcore.pdb\2093093579E997DDDE4942E078A40DF51\twinapi.appcore.pdb
[SYMBOL] No symbols loaded for: twinapi.appcore.dll
[SYMBOL] [DIA] Skipping non-existent PDB: C:\Windows\System32\twinapi.appcore.pdb
[SYMBOL] No symbols loaded for: twinapi.appcore.dll
[SYMBOL] [DIA] Skipping non-existent PDB: C:\Windows\System32\twinapi.appcore.pdb
[SYMBOL] No symbols loaded for: twinapi.appcore.dll
[SYMBOL] [DIA] Skipping non-existent PDB: .\symbols\TextShaping.pdb\88D2703E84348C6FD81AFF65C14B2D4C1\TextShaping.pdb
[SYMBOL] No symbols loaded for: textshaping.dll
[SYMBOL] [DIA] Skipping non-existent PDB: C:\Windows\System32\TextShaping.pdb
[SYMBOL] No symbols loaded for: textshaping.dll
DLL Loaded: 00007FFEA74E0000 C:\Windows\System32\DriverStore\FileRepository\nvltsi.inf_amd64_cfede825d5a4511a\nvppex.dll
DLL Loaded: 00007FFEB1B70000 C:\Windows\System32\DataExchange.dll
DLL Loaded: 00007FFEFE980000 C:\Windows\System32\twinapi.appcore.dll
[SYMBOL] [DIA] Skipping non-existent PDB: C:\Windows\System32\textshaping.pdb
[SYMBOL] No symbols loaded for: textshaping.dll
[TODO] Not implemented GUI_PROCESS_EVENTS (91)
[SYMBOL] [DIA] Skipping non-existent PDB: .\symbols\TextInputFramework.pdb\279644CB39BE72C30391BAD610067F291\TextInputFramework.pdb
[SYMBOL] No symbols loaded for: textinputframework.dll
[SYMBOL] [DIA] Skipping non-existent PDB: C:\Windows\System32\TextInputFramework.pdb
[SYMBOL] No symbols loaded for: textinputframework.dll
[SYMBOL] [DIA] Skipping non-existent PDB: C:\Windows\System32\textinputframework.pdb
[SYMBOL] No symbols loaded for: textinputframework.dll
[SYMBOL] [DIA] Skipping non-existent PDB: .\symbols\oleacc.pdb\D1CD74581FAB17055C9FEC545A2BC75D1\oleacc.pdb
[SYMBOL] No symbols loaded for: oleacc.dll
[SYMBOL] [DIA] Skipping non-existent PDB: C:\Windows\System32\oleacc.pdb
[SYMBOL] No symbols loaded for: oleacc.dll
[SYMBOL] [DIA] Skipping non-existent PDB: C:\Windows\System32\oleacc.pdb
[SYMBOL] No symbols loaded for: oleacc.dll
[SYMBOL] [DIA] Skipping non-existent PDB: .\symbols\scrrun.pdb\E8822020EEBABE139D601CD91DF352CD1\scrrun.pdb
[SYMBOL] No symbols loaded for: scrrun.dll
[SYMBOL] [DIA] Skipping non-existent PDB: C:\Windows\System32\scrrun.pdb
[SYMBOL] No symbols loaded for: scrrun.dll
DLL Loaded: 00007FFEC5A70000 C:\Windows\System32\TextShaping.dll
DLL Loaded: 00007FFEB4D10000 C:\Windows\System32\TextInputFramework.dll
DLL Loaded: 00007FFED8740000 C:\Windows\System32\oleacc.dll
[SYMBOL] [DIA] Skipping non-existent PDB: C:\Windows\System32\scrrun.pdb
[SYMBOL] No symbols loaded for: scrrun.dll
[TODO] Not implemented GUI_PROCESS_EVENTS (91)
[SYMBOL] [DIA] Skipping non-existent PDB: .\symbols\sxs.pdb\5B42020679D1F210B085F8676E48A4D31\sxs.pdb
[SYMBOL] No symbols loaded for: sxs.dll
[SYMBOL] [DIA] Skipping non-existent PDB: C:\Windows\System32\sxs.pdb
[SYMBOL] No symbols loaded for: sxs.dll
[SYMBOL] [DIA] Skipping non-existent PDB: C:\Windows\System32\sxs.pdb
[SYMBOL] No symbols loaded for: sxs.dll
[SYMBOL] [DIA] Skipping non-existent PDB: .\symbols\Qt6Core.pdb\55606AA8483B4D9E9259DCB2A441DBEE1\Qt6Core.pdb
[SYMBOL] No symbols loaded for: qt6core.dll
[SYMBOL] [DIA] Skipping non-existent PDB: C:\Users\qt\work\qt\qtbase_build\bin\Qt6Core.pdb
[SYMBOL] No symbols loaded for: qt6core.dll
[SYMBOL] [DIA] Skipping non-existent PDB: C:\Program Files\Maxon ZBrush 2026\ZData\ZPlugs64\QtLibs\Qt6Core.pdb
[SYMBOL] No symbols loaded for: qt6core.dll
DLL Loaded: 00007FFED9DF0000 C:\Windows\System32\scrrun.dll
DLL Loaded: 00007FFF05140000 C:\Windows\System32\sxs.dll
Skipping unsupported debug type IMAGE_DEBUG_TYPE_POGO in module memmgr.dll...
Skipping unsupported debug type IMAGE_DEBUG_TYPE_ILTCG in module memmgr.dll...
Did not find any supported debug types in module memmgr.dll!
DLL Loaded: 00007FFE3DB70000 C:\Program Files\Maxon ZBrush 2026\ZData\ZPlugs64\memmgr.dll
[SYMBOL] [DIA] Skipping non-existent PDB: C:\Program Files\Maxon ZBrush 2026\ZData\ZPlugs64\QtLibs\qt6core.pdb
[SYMBOL] No symbols loaded for: qt6core.dll
[TODO] Not implemented GUI_PROCESS_EVENTS (91)
[SYMBOL] [DIA] Skipping non-existent PDB: .\symbols\authz.pdb\C58E18ED172893B29C4FD3A22B6D3C541\authz.pdb
[SYMBOL] No symbols loaded for: authz.dll
[SYMBOL] [DIA] Skipping non-existent PDB: C:\Windows\System32\authz.pdb
[SYMBOL] No symbols loaded for: authz.dll
[SYMBOL] [DIA] Skipping non-existent PDB: C:\Windows\System32\authz.pdb
[SYMBOL] No symbols loaded for: authz.dll
[SYMBOL] [DIA] Skipping non-existent PDB: .\symbols\srvcli.pdb\62629E90CBC14A976B1080CB2472DF031\srvcli.pdb
[SYMBOL] No symbols loaded for: srvcli.dll
[SYMBOL] [DIA] Skipping non-existent PDB: C:\Windows\System32\srvcli.pdb
[SYMBOL] No symbols loaded for: srvcli.dll
[SYMBOL] [DIA] Skipping non-existent PDB: C:\Windows\System32\srvcli.pdb
[SYMBOL] No symbols loaded for: srvcli.dll
DLL Loaded: 00007FFE3A0C0000 C:\Program Files\Maxon ZBrush 2026\ZData\ZPlugs64\QtLibs\Qt6Core.dll
DLL Loaded: 00007FFF03B10000 C:\Windows\System32\authz.dll
DLL Loaded: 00007FFEDDE80000 C:\Windows\System32\srvcli.dll
[SYMBOL] [DIA] Skipping non-existent PDB: .\symbols\Qt6Gui.pdb\281E3B74AA6A42578541B0C88D5F80581\Qt6Gui.pdb
[SYMBOL] No symbols loaded for: qt6gui.dll
[TODO] Not implemented GUI_PROCESS_EVENTS (91)
[SYMBOL] [DIA] Skipping non-existent PDB: C:\Users\qt\work\qt\qtbase_build\bin\Qt6Gui.pdb
[SYMBOL] No symbols loaded for: qt6gui.dll
[SYMBOL] [DIA] Skipping non-existent PDB: C:\Program Files\Maxon ZBrush 2026\ZData\ZPlugs64\QtLibs\Qt6Gui.pdb
[SYMBOL] No symbols loaded for: qt6gui.dll
[SYMBOL] [DIA] Skipping non-existent PDB: C:\Program Files\Maxon ZBrush 2026\ZData\ZPlugs64\QtLibs\qt6gui.pdb
[SYMBOL] No symbols loaded for: qt6gui.dll
[SYMBOL] [DIA] Skipping non-existent PDB: .\symbols\msvcp140_2.amd64.pdb\DC57ED647436A4834E4AB491EF3B27971\msvcp140_2.amd64.pdb
[SYMBOL] No symbols loaded for: msvcp140_2.dll
[SYMBOL] [DIA] Skipping non-existent PDB: D:\a\_work\1\s\binaries\amd64ret\bin\amd64\\msvcp140_2.amd64.pdb
[SYMBOL] No symbols loaded for: msvcp140_2.dll
[SYMBOL] [DIA] Skipping non-existent PDB: C:\Windows\System32\msvcp140_2.amd64.pdb
[SYMBOL] No symbols loaded for: msvcp140_2.dll
[SYMBOL] [DIA] Skipping non-existent PDB: C:\Windows\System32\msvcp140_2.pdb
[SYMBOL] No symbols loaded for: msvcp140_2.dll
DLL Loaded: 00007FFE398F0000 C:\Program Files\Maxon ZBrush 2026\ZData\ZPlugs64\QtLibs\Qt6Gui.dll
DLL Loaded: 00007FFEAA3A0000 C:\Windows\System32\msvcp140_2.dll
[SYMBOL] [DIA] Skipping non-existent PDB: .\symbols\Qt6Network.pdb\77DC28F9D010477AA38C751CBAB4E5E21\Qt6Network.pdb
[SYMBOL] No symbols loaded for: qt6network.dll
[TODO] Not implemented GUI_PROCESS_EVENTS (91)
[SYMBOL] [DIA] Skipping non-existent PDB: C:\Users\qt\work\qt\qtbase_build\bin\Qt6Network.pdb
[SYMBOL] No symbols loaded for: qt6network.dll
[SYMBOL] [DIA] Skipping non-existent PDB: C:\Program Files\Maxon ZBrush 2026\ZData\ZPlugs64\QtLibs\Qt6Network.pdb
[SYMBOL] No symbols loaded for: qt6network.dll
[SYMBOL] [DIA] Skipping non-existent PDB: C:\Program Files\Maxon ZBrush 2026\ZData\ZPlugs64\QtLibs\qt6network.pdb
[SYMBOL] No symbols loaded for: qt6network.dll
[SYMBOL] [DIA] Skipping non-existent PDB: .\symbols\dnsapi.pdb\C5EF6EAD225A662294E313758AE81A691\dnsapi.pdb
[SYMBOL] No symbols loaded for: dnsapi.dll
[SYMBOL] [DIA] Skipping non-existent PDB: C:\Windows\System32\dnsapi.pdb
[SYMBOL] No symbols loaded for: dnsapi.dll
[SYMBOL] [DIA] Skipping non-existent PDB: C:\Windows\System32\dnsapi.pdb
[SYMBOL] No symbols loaded for: dnsapi.dll
[SYMBOL] [DIA] Skipping non-existent PDB: .\symbols\secur32.pdb\4086D48D454CB5A55D7006FDFF298D3C1\secur32.pdb
[SYMBOL] No symbols loaded for: secur32.dll
[SYMBOL] [DIA] Skipping non-existent PDB: C:\Windows\System32\secur32.pdb
DLL Loaded: 00007FFE40AB0000 C:\Program Files\Maxon ZBrush 2026\ZData\ZPlugs64\QtLibs\Qt6Network.dll
DLL Loaded: 00007FFF03B70000 C:\Windows\System32\dnsapi.dll
[SYMBOL] No symbols loaded for: secur32.dll
[TODO] Not implemented GUI_PROCESS_EVENTS (91)
[SYMBOL] [DIA] Skipping non-existent PDB: C:\Windows\System32\secur32.pdb
[SYMBOL] No symbols loaded for: secur32.dll
[SYMBOL] [DIA] Skipping non-existent PDB: .\symbols\qgif.pdb\C80449A0830A4777948183E85BF9CD981\qgif.pdb
[SYMBOL] No symbols loaded for: qgif.dll
[SYMBOL] [DIA] Skipping non-existent PDB: C:\Users\qt\work\qt\qtbase_build\plugins\imageformats\qgif.pdb
[SYMBOL] No symbols loaded for: qgif.dll
[SYMBOL] [DIA] Skipping non-existent PDB: C:\Program Files\Maxon ZBrush 2026\ZData\ZPlugs64\QtLibs\imageformats\qgif.pdb
[SYMBOL] No symbols loaded for: qgif.dll
[SYMBOL] [DIA] Skipping non-existent PDB: C:\Program Files\Maxon ZBrush 2026\ZData\ZPlugs64\QtLibs\imageformats\qgif.pdb
[SYMBOL] No symbols loaded for: qgif.dll
[SYMBOL] [DIA] Skipping non-existent PDB: .\symbols\qico.pdb\DB50BC53BC4E449087AA9AF9643949D11\qico.pdb
[SYMBOL] No symbols loaded for: qico.dll
[SYMBOL] [DIA] Skipping non-existent PDB: C:\Users\qt\work\qt\qtbase_build\plugins\imageformats\qico.pdb
[SYMBOL] No symbols loaded for: qico.dll
[SYMBOL] [DIA] Skipping non-existent PDB: C:\Program Files\Maxon ZBrush 2026\ZData\ZPlugs64\QtLibs\imageformats\qico.pdb
[SYMBOL] No symbols loaded for: qico.dll
[SYMBOL] [DIA] Skipping non-existent PDB: C:\Program Files\Maxon ZBrush 2026\ZData\ZPlugs64\QtLibs\imageformats\qico.pdb
[TODO] Not implemented GUI_PROCESS_EVENTS (91)
DLL Loaded: 00007FFF020F0000 C:\Windows\System32\secur32.dll
DLL Loaded: 00007FFF01260000 C:\Program Files\Maxon ZBrush 2026\ZData\ZPlugs64\QtLibs\imageformats\qgif.dll
[SYMBOL] No symbols loaded for: qico.dll
[SYMBOL] [DIA] Skipping non-existent PDB: .\symbols\qjpeg.pdb\666EB2567D7E4A878A754B6A114E41E21\qjpeg.pdb
[SYMBOL] No symbols loaded for: qjpeg.dll
[SYMBOL] [DIA] Skipping non-existent PDB: C:\Users\qt\work\qt\qtbase_build\plugins\imageformats\qjpeg.pdb
[SYMBOL] No symbols loaded for: qjpeg.dll
[SYMBOL] [DIA] Skipping non-existent PDB: C:\Program Files\Maxon ZBrush 2026\ZData\ZPlugs64\QtLibs\imageformats\qjpeg.pdb
[SYMBOL] No symbols loaded for: qjpeg.dll
[SYMBOL] [DIA] Skipping non-existent PDB: C:\Program Files\Maxon ZBrush 2026\ZData\ZPlugs64\QtLibs\imageformats\qjpeg.pdb
[SYMBOL] No symbols loaded for: qjpeg.dll
[SYMBOL] [DIA] Skipping non-existent PDB: .\symbols\qtiff.pdb\9F11FED8C7CC4BBFB298AD98A111DA4F1\qtiff.pdb
[SYMBOL] No symbols loaded for: qtiff.dll
[SYMBOL] [DIA] Skipping non-existent PDB: C:\Users\qt\work\qt\qtimageformats_build\plugins\imageformats\qtiff.pdb
[SYMBOL] No symbols loaded for: qtiff.dll
[SYMBOL] [DIA] Skipping non-existent PDB: C:\Program Files\Maxon ZBrush 2026\ZData\ZPlugs64\QtLibs\imageformats\qtiff.pdb
[SYMBOL] No symbols loaded for: qtiff.dll
[TODO] Not implemented GUI_PROCESS_EVENTS (91)
[SYMBOL] [DIA] Skipping non-existent PDB: C:\Program Files\Maxon ZBrush 2026\ZData\ZPlugs64\QtLibs\imageformats\qtiff.pdb
DLL Loaded: 00007FFF01250000 C:\Program Files\Maxon ZBrush 2026\ZData\ZPlugs64\QtLibs\imageformats\qico.dll
DLL Loaded: 00007FFE808F0000 C:\Program Files\Maxon ZBrush 2026\ZData\ZPlugs64\QtLibs\imageformats\qjpeg.dll
[SYMBOL] No symbols loaded for: qtiff.dll
[SYMBOL] [DIA] Skipping non-existent PDB: .\symbols\avutil-56.pdb\8AD5A8C7C3F04D698160CA63A1549FA32\avutil-56.pdb
[SYMBOL] No symbols loaded for: avutil-56.dll
[SYMBOL] [DIA] Skipping non-existent PDB: c:\Pixologic\pixodev\zplugdevtrunk\third_party_libs\ffmpeg\ffmpeg-4.4\libavutil\avutil-56.pdb
[SYMBOL] No symbols loaded for: avutil-56.dll
[SYMBOL] [DIA] Skipping non-existent PDB: C:\Program Files\Maxon ZBrush 2026\ZData\ZPlugs64\FFmpegLibs\avutil-56.pdb
[SYMBOL] No symbols loaded for: avutil-56.dll
[SYMBOL] [DIA] Skipping non-existent PDB: C:\Program Files\Maxon ZBrush 2026\ZData\ZPlugs64\FFmpegLibs\avutil-56.pdb
[SYMBOL] No symbols loaded for: avutil-56.dll
[SYMBOL] [DIA] Skipping non-existent PDB: .\symbols\swresample-3.pdb\BB8C07A703E94E9280B593E10B8AEAB52\swresample-3.pdb
[SYMBOL] No symbols loaded for: swresample-3.dll
[TODO] Not implemented GUI_PROCESS_EVENTS (91)
[SYMBOL] [DIA] Skipping non-existent PDB: c:\Pixologic\pixodev\zplugdevtrunk\third_party_libs\ffmpeg\ffmpeg-4.4\libswresample\swresample-3.pdb
[SYMBOL] No symbols loaded for: swresample-3.dll
[SYMBOL] [DIA] Skipping non-existent PDB: C:\Program Files\Maxon ZBrush 2026\ZData\ZPlugs64\FFmpegLibs\swresample-3.pdb
DLL Loaded: 00007FFE90620000 C:\Program Files\Maxon ZBrush 2026\ZData\ZPlugs64\QtLibs\imageformats\qtiff.dll
Skipping unsupported debug type IMAGE_DEBUG_TYPE_POGO in module qtwrapper.dll...
Skipping unsupported debug type IMAGE_DEBUG_TYPE_ILTCG in module qtwrapper.dll...
Did not find any supported debug types in module qtwrapper.dll!
DLL Loaded: 00007FFF01230000 C:\Program Files\Maxon ZBrush 2026\ZData\ZPlugs64\QtLibs\QtWrapper.dll
DLL Loaded: 00007FFE3BEF0000 C:\Program Files\Maxon ZBrush 2026\ZData\ZPlugs64\FFmpegLibs\avutil-56.dll
[SYMBOL] No symbols loaded for: swresample-3.dll
[SYMBOL] [DIA] Skipping non-existent PDB: C:\Program Files\Maxon ZBrush 2026\ZData\ZPlugs64\FFmpegLibs\swresample-3.pdb
[SYMBOL] No symbols loaded for: swresample-3.dll
[SYMBOL] [DIA] Skipping non-existent PDB: .\symbols\swscale-5.pdb\7E2B24302D014131A32A29F367E386CA2\swscale-5.pdb
[SYMBOL] No symbols loaded for: swscale-5.dll
[SYMBOL] [DIA] Skipping non-existent PDB: c:\Pixologic\pixodev\zplugdevtrunk\third_party_libs\ffmpeg\ffmpeg-4.4\libswscale\swscale-5.pdb
[SYMBOL] No symbols loaded for: swscale-5.dll
[TODO] Not implemented GUI_PROCESS_EVENTS (91)
[SYMBOL] [DIA] Skipping non-existent PDB: C:\Program Files\Maxon ZBrush 2026\ZData\ZPlugs64\FFmpegLibs\swscale-5.pdb
[SYMBOL] No symbols loaded for: swscale-5.dll
[SYMBOL] [DIA] Skipping non-existent PDB: C:\Program Files\Maxon ZBrush 2026\ZData\ZPlugs64\FFmpegLibs\swscale-5.pdb
[SYMBOL] No symbols loaded for: swscale-5.dll
[SYMBOL] [DIA] Skipping non-existent PDB: .\symbols\avcodec-58.pdb\AF2857241F6D4B0BB8FE9B07122AE77C2\avcodec-58.pdb
[SYMBOL] No symbols loaded for: avcodec-58.dll
[SYMBOL] [DIA] Skipping non-existent PDB: c:\Pixologic\pixodev\zplugdevtrunk\third_party_libs\ffmpeg\ffmpeg-4.4\libavcodec\avcodec-58.pdb
[SYMBOL] No symbols loaded for: avcodec-58.dll
[SYMBOL] [DIA] Skipping non-existent PDB: C:\Program Files\Maxon ZBrush 2026\ZData\ZPlugs64\FFmpegLibs\avcodec-58.pdb
DLL Loaded: 00007FFED8B10000 C:\Program Files\Maxon ZBrush 2026\ZData\ZPlugs64\FFmpegLibs\swresample-3.dll
DLL Loaded: 00007FFE49960000 C:\Program Files\Maxon ZBrush 2026\ZData\ZPlugs64\FFmpegLibs\swscale-5.dll
[SYMBOL] No symbols loaded for: avcodec-58.dll
[SYMBOL] [DIA] Skipping non-existent PDB: C:\Program Files\Maxon ZBrush 2026\ZData\ZPlugs64\FFmpegLibs\avcodec-58.pdb
[SYMBOL] No symbols loaded for: avcodec-58.dll
[SYMBOL] [DIA] Skipping non-existent PDB: .\symbols\NoisePlugin.pdb\3BD5D0660C334DC7A3EEEE898F26921A1\NoisePlugin.pdb
[SYMBOL] No symbols loaded for: noiseplugin.dll
[TODO] Not implemented GUI_PROCESS_EVENTS (91)
[SYMBOL] [DIA] Skipping non-existent PDB: C:\gitlab-runner-zbrush\builds\PhSzstTx\0\maxondev\dev\zbrush\zbrush\zbrushsrc\code\build\win\bin\Release\NoisePlugin.pdb
[SYMBOL] No symbols loaded for: noiseplugin.dll
[SYMBOL] [DIA] Skipping non-existent PDB: C:\Program Files\Maxon ZBrush 2026\ZData\ZPlugs64\NoisePlugin.pdb
[SYMBOL] No symbols loaded for: noiseplugin.dll
[SYMBOL] [DIA] Skipping non-existent PDB: C:\Program Files\Maxon ZBrush 2026\ZData\ZPlugs64\noiseplugin.pdb
[SYMBOL] No symbols loaded for: noiseplugin.dll
DLL Loaded: 00007FFE38AF0000 C:\Program Files\Maxon ZBrush 2026\ZData\ZPlugs64\FFmpegLibs\avcodec-58.dll
Skipping unsupported debug type IMAGE_DEBUG_TYPE_POGO in module ffmpegwrapper.dll...
Skipping unsupported debug type IMAGE_DEBUG_TYPE_ILTCG in module ffmpegwrapper.dll...
Did not find any supported debug types in module ffmpegwrapper.dll!
DLL Loaded: 00007FFF01220000 C:\Program Files\Maxon ZBrush 2026\ZData\ZPlugs64\FFmpegLibs\FFmpegWrapper.dll
Skipping unsupported debug type IMAGE_DEBUG_TYPE_POGO in module zunwrap.dll...
Skipping unsupported debug type IMAGE_DEBUG_TYPE_ILTCG in module zunwrap.dll...
Did not find any supported debug types in module zunwrap.dll!
DLL Loaded: 0000000180000000 C:\Program Files\Maxon ZBrush 2026\ZData\ZPlugs64\zunw\zunwrap.dll
Skipping unsupported debug type IMAGE_DEBUG_TYPE_POGO in module csg_plug.dll...
Skipping unsupported debug type IMAGE_DEBUG_TYPE_ILTCG in module csg_plug.dll...
Did not find any supported debug types in module csg_plug.dll!
DLL Loaded: 00007FFEFDDB0000 C:\Program Files\Maxon ZBrush 2026\ZData\ZPlugs64\csg\csg_plug.dll
DLL Loaded: 00007FFEFDD30000 C:\Program Files\Maxon ZBrush 2026\ZData\ZPlugs64\NoisePlugin.dll
[SYMBOL] [DIA] Skipping non-existent PDB: .\symbols\Qt6Widgets.pdb\94207F15E3894D27A444ECEFD83CAAE21\Qt6Widgets.pdb
[TODO] Not implemented GUI_PROCESS_EVENTS (91)
[SYMBOL] No symbols loaded for: qt6widgets.dll
[SYMBOL] [DIA] Skipping non-existent PDB: C:\Users\qt\work\qt\qtbase_build\bin\Qt6Widgets.pdb
[SYMBOL] No symbols loaded for: qt6widgets.dll
[SYMBOL] [DIA] Skipping non-existent PDB: C:\Program Files\Maxon ZBrush 2026\ZData\ZPlugs64\QtLibs\Qt6Widgets.pdb
[SYMBOL] No symbols loaded for: qt6widgets.dll
[SYMBOL] [DIA] Skipping non-existent PDB: C:\Program Files\Maxon ZBrush 2026\ZData\ZPlugs64\QtLibs\qt6widgets.pdb
[SYMBOL] No symbols loaded for: qt6widgets.dll
[SYMBOL] [DIA] Skipping non-existent PDB: .\symbols\dwmapi.pdb\1320DEDE2CF4451A9096EE751E3348ED1\dwmapi.pdb
[SYMBOL] No symbols loaded for: dwmapi.dll
[SYMBOL] [DIA] Skipping non-existent PDB: C:\Windows\System32\dwmapi.pdb
[SYMBOL] No symbols loaded for: dwmapi.dll
[SYMBOL] [DIA] Skipping non-existent PDB: C:\Windows\System32\dwmapi.pdb
[SYMBOL] No symbols loaded for: dwmapi.dll
[SYMBOL] [DIA] Skipping non-existent PDB: .\symbols\qwindows.pdb\0484C506D4D145E98A03E4E3C3DCFE1C1\qwindows.pdb
[SYMBOL] No symbols loaded for: qwindows.dll
DLL Loaded: 00007FFE38520000 C:\Program Files\Maxon ZBrush 2026\ZData\ZPlugs64\QtLibs\Qt6Widgets.dll
DLL Loaded: 00007FFF02590000 C:\Windows\System32\dwmapi.dll
[SYMBOL] [DIA] Skipping non-existent PDB: C:\Users\qt\work\qt\qtbase_build\plugins\platforms\qwindows.pdb
[TODO] Not implemented GUI_PROCESS_EVENTS (91)
[SYMBOL] No symbols loaded for: qwindows.dll
[SYMBOL] [DIA] Skipping non-existent PDB: C:\Program Files\Maxon ZBrush 2026\ZData\ZPlugs64\QtLibs\platforms\qwindows.pdb
[SYMBOL] No symbols loaded for: qwindows.dll
[SYMBOL] [DIA] Skipping non-existent PDB: C:\Program Files\Maxon ZBrush 2026\ZData\ZPlugs64\QtLibs\platforms\qwindows.pdb
[SYMBOL] No symbols loaded for: qwindows.dll
[SYMBOL] [DIA] Skipping non-existent PDB: .\symbols\setupapi.pdb\8A658E766C9E24A39B6E3C8A2B04A85F1\setupapi.pdb
[SYMBOL] No symbols loaded for: setupapi.dll
[SYMBOL] [DIA] Skipping non-existent PDB: C:\Windows\System32\setupapi.pdb
[SYMBOL] No symbols loaded for: setupapi.dll
[SYMBOL] [DIA] Skipping non-existent PDB: C:\Windows\System32\setupapi.pdb
[SYMBOL] No symbols loaded for: setupapi.dll
[SYMBOL] [DIA] Skipping non-existent PDB: .\symbols\d3d9.pdb\268A5B5B3AC8301C2D0E1D44FBD8E1E71\d3d9.pdb
[SYMBOL] No symbols loaded for: d3d9.dll
[SYMBOL] [DIA] Skipping non-existent PDB: C:\Windows\System32\d3d9.pdb
[SYMBOL] No symbols loaded for: d3d9.dll
[SYMBOL] [DIA] Skipping non-existent PDB: C:\Windows\System32\d3d9.pdb
[SYMBOL] No symbols loaded for: d3d9.dll
[SYMBOL] [DIA] Skipping non-existent PDB: .\symbols\wtsapi32.pdb\6EA8745EDA62E3FA333852936AE5A3251\wtsapi32.pdb
[SYMBOL] No symbols loaded for: wtsapi32.dll
[TODO] Not implemented GUI_PROCESS_EVENTS (91)
DLL Loaded: 00007FFE3DA90000 C:\Program Files\Maxon ZBrush 2026\ZData\ZPlugs64\QtLibs\platforms\qwindows.dll
DLL Loaded: 00007FFF08590000 C:\Windows\System32\setupapi.dll
DLL Loaded: 00007FFEC34D0000 C:\Windows\System32\d3d9.dll
[SYMBOL] [DIA] Skipping non-existent PDB: C:\Windows\System32\wtsapi32.pdb
[SYMBOL] No symbols loaded for: wtsapi32.dll
[SYMBOL] [DIA] Skipping non-existent PDB: C:\Windows\System32\wtsapi32.pdb
[SYMBOL] No symbols loaded for: wtsapi32.dll
[SYMBOL] [DIA] Skipping non-existent PDB: .\symbols\qicns.pdb\13F90505E5ED4D968C968B16D1616A861\qicns.pdb
[SYMBOL] No symbols loaded for: qicns.dll
[SYMBOL] [DIA] Skipping non-existent PDB: C:\Users\qt\work\qt\qtimageformats_build\plugins\imageformats\qicns.pdb
[SYMBOL] No symbols loaded for: qicns.dll
[SYMBOL] [DIA] Skipping non-existent PDB: C:\Program Files\Maxon ZBrush 2026\ZData\ZPlugs64\QtLibs\imageformats\qicns.pdb
[SYMBOL] No symbols loaded for: qicns.dll
[SYMBOL] [DIA] Skipping non-existent PDB: C:\Program Files\Maxon ZBrush 2026\ZData\ZPlugs64\QtLibs\imageformats\qicns.pdb
[SYMBOL] No symbols loaded for: qicns.dll
[SYMBOL] [DIA] Skipping non-existent PDB: .\symbols\qtga.pdb\67F86804DBB44A6F8A5706EE2E876F971\qtga.pdb
[SYMBOL] No symbols loaded for: qtga.dll
[SYMBOL] [DIA] Skipping non-existent PDB: C:\Users\qt\work\qt\qtimageformats_build\plugins\imageformats\qtga.pdb
[SYMBOL] No symbols loaded for: qtga.dll
[TODO] Not implemented GUI_PROCESS_EVENTS (91)
[SYMBOL] [DIA] Skipping non-existent PDB: C:\Program Files\Maxon ZBrush 2026\ZData\ZPlugs64\QtLibs\imageformats\qtga.pdb
[SYMBOL] No symbols loaded for: qtga.dll
DLL Loaded: 00007FFF02110000 C:\Windows\System32\wtsapi32.dll
Skipping unsupported debug type IMAGE_DEBUG_TYPE_POGO in module qtnoiseeditor.dll...
Did not find any supported debug types in module qtnoiseeditor.dll!
DLL Loaded: 00000001025B0000 C:\Program Files\Maxon ZBrush 2026\ZData\ZPlugs64\QtNoiseEditor.dll
DLL Loaded: 00007FFED9030000 C:\Program Files\Maxon ZBrush 2026\ZData\ZPlugs64\QtLibs\imageformats\qicns.dll
[SYMBOL] [DIA] Skipping non-existent PDB: C:\Program Files\Maxon ZBrush 2026\ZData\ZPlugs64\QtLibs\imageformats\qtga.pdb
[SYMBOL] No symbols loaded for: qtga.dll
[SYMBOL] [DIA] Skipping non-existent PDB: .\symbols\qwbmp.pdb\BAFFADAED89B4E3F87F139819463AD071\qwbmp.pdb
[SYMBOL] No symbols loaded for: qwbmp.dll
[SYMBOL] [DIA] Skipping non-existent PDB: C:\Users\qt\work\qt\qtimageformats_build\plugins\imageformats\qwbmp.pdb
[SYMBOL] No symbols loaded for: qwbmp.dll
[SYMBOL] [DIA] Skipping non-existent PDB: C:\Program Files\Maxon ZBrush 2026\ZData\ZPlugs64\QtLibs\imageformats\qwbmp.pdb
[SYMBOL] No symbols loaded for: qwbmp.dll
[SYMBOL] [DIA] Skipping non-existent PDB: C:\Program Files\Maxon ZBrush 2026\ZData\ZPlugs64\QtLibs\imageformats\qwbmp.pdb
[SYMBOL] No symbols loaded for: qwbmp.dll
[TODO] Not implemented GUI_PROCESS_EVENTS (91)
[SYMBOL] [DIA] Skipping non-existent PDB: .\symbols\qwebp.pdb\26BD9246AF83459098284C3B3A84C0071\qwebp.pdb
[SYMBOL] No symbols loaded for: qwebp.dll
[SYMBOL] [DIA] Skipping non-existent PDB: C:\Users\qt\work\qt\qtimageformats_build\plugins\imageformats\qwebp.pdb
[SYMBOL] No symbols loaded for: qwebp.dll
[SYMBOL] [DIA] Skipping non-existent PDB: C:\Program Files\Maxon ZBrush 2026\ZData\ZPlugs64\QtLibs\imageformats\qwebp.pdb
[SYMBOL] No symbols loaded for: qwebp.dll
[SYMBOL] [DIA] Skipping non-existent PDB: C:\Program Files\Maxon ZBrush 2026\ZData\ZPlugs64\QtLibs\imageformats\qwebp.pdb
DLL Loaded: 00007FFEFD3E0000 C:\Program Files\Maxon ZBrush 2026\ZData\ZPlugs64\QtLibs\imageformats\qtga.dll
DLL Loaded: 00007FFEF2430000 C:\Program Files\Maxon ZBrush 2026\ZData\ZPlugs64\QtLibs\imageformats\qwbmp.dll
[SYMBOL] No symbols loaded for: qwebp.dll
[SYMBOL] [DIA] Skipping non-existent PDB: .\symbols\MxTapLib.pdb\4E11A4DE3FAC4BADBF9C027E9E4E64D31\MxTapLib.pdb
[SYMBOL] No symbols loaded for: mxtaplib.dll
[SYMBOL] [DIA] Skipping non-existent PDB: C:\Users\adam\src\mxhub\outputs\Release_DLL\MxTapLib.pdb
[SYMBOL] No symbols loaded for: mxtaplib.dll
[SYMBOL] [DIA] Skipping non-existent PDB: C:\Program Files\Maxon ZBrush 2026\MxTapLib.pdb
[SYMBOL] No symbols loaded for: mxtaplib.dll
[TODO] Not implemented GUI_PROCESS_EVENTS (91)
[SYMBOL] [DIA] Skipping non-existent PDB: C:\Program Files\Maxon ZBrush 2026\mxtaplib.pdb
[SYMBOL] No symbols loaded for: mxtaplib.dll
[SYMBOL] [DIA] Skipping non-existent PDB: .\symbols\dhcpcsvc6.pdb\A9B3DE2125CE66A99F7DA59305CF29911\dhcpcsvc6.pdb
[SYMBOL] No symbols loaded for: dhcpcsvc6.dll
[SYMBOL] [DIA] Skipping non-existent PDB: C:\Windows\System32\dhcpcsvc6.pdb
[SYMBOL] No symbols loaded for: dhcpcsvc6.dll
[SYMBOL] [DIA] Skipping non-existent PDB: C:\Windows\System32\dhcpcsvc6.pdb
[SYMBOL] No symbols loaded for: dhcpcsvc6.dll
[SYMBOL] [DIA] Skipping non-existent PDB: .\symbols\dhcpcsvc.pdb\7155D86B8444D5138064D715DA6917281\dhcpcsvc.pdb
[SYMBOL] No symbols loaded for: dhcpcsvc.dll
[SYMBOL] [DIA] Skipping non-existent PDB: C:\Windows\System32\dhcpcsvc.pdb
[SYMBOL] No symbols loaded for: dhcpcsvc.dll
DLL Loaded: 00007FFE4A950000 C:\Program Files\Maxon ZBrush 2026\ZData\ZPlugs64\QtLibs\imageformats\qwebp.dll
DLL Loaded: 00007FFE3D860000 C:\Program Files\Maxon ZBrush 2026\MxTapLib.dll
DLL Loaded: 00007FFEFDBC0000 C:\Windows\System32\dhcpcsvc6.dll
[SYMBOL] [DIA] Skipping non-existent PDB: C:\Windows\System32\dhcpcsvc.pdb
[SYMBOL] No symbols loaded for: dhcpcsvc.dll
[SYMBOL] [DIA] Skipping non-existent PDB: .\symbols\FBXExportImportDLL.pdb\EE167AED5044434C931017C7C493BAC81\FBXExportImportDLL.pdb
[TODO] Not implemented GUI_PROCESS_EVENTS (91)
[SYMBOL] No symbols loaded for: fbxexportimportdll.dll
[SYMBOL] [DIA] Skipping non-existent PDB: C:\gitlab-runner-zbrush\builds\PhSzstTx\0\maxondev\dev\zbrush\zbrush\zbrushsrc\code\build\win\bin\Release\FBXExportImportDLL.pdb
[SYMBOL] No symbols loaded for: fbxexportimportdll.dll
[SYMBOL] [DIA] Skipping non-existent PDB: C:\Program Files\Maxon ZBrush 2026\ZData\ZPlugs64\FBXExportImportData\FBXExportImportDLL.pdb
[SYMBOL] No symbols loaded for: fbxexportimportdll.dll
[SYMBOL] [DIA] Skipping non-existent PDB: C:\Program Files\Maxon ZBrush 2026\ZData\ZPlugs64\FBXExportImportData\fbxexportimportdll.pdb
[SYMBOL] No symbols loaded for: fbxexportimportdll.dll
[SYMBOL] [DIA] Skipping non-existent PDB: .\symbols\TransposeMasterDLL.pdb\C34F1AA4A29B4709859E1AEEA7816E821\TransposeMasterDLL.pdb
[SYMBOL] No symbols loaded for: paintstopdll.dll
[SYMBOL] [DIA] Skipping non-existent PDB: C:\gitlab-runner-zbrush\builds\PhSzstTx\0\maxondev\dev\zbrush\zbrush\zbrushsrc\code\build\win\bin\Release\TransposeMasterDLL.pdb
DLL Loaded: 00007FFEFDB90000 C:\Windows\System32\dhcpcsvc.dll
Skipping unsupported debug type IMAGE_DEBUG_TYPE_POGO in module 3dprintexporterdll.dll...
Skipping unsupported debug type IMAGE_DEBUG_TYPE_ILTCG in module 3dprintexporterdll.dll...
Did not find any supported debug types in module 3dprintexporterdll.dll!
DLL Loaded: 00000000F2730000 C:\Program Files\Maxon ZBrush 2026\ZData\ZPlugs64\3DPrintHubData\3DPrintExporterDLL.dll
Skipping unsupported debug type IMAGE_DEBUG_TYPE_POGO in module blendshapesdll.dll...
Did not find any supported debug types in module blendshapesdll.dll!
DLL Loaded: 00007FFE41190000 C:\Program Files\Maxon ZBrush 2026\ZData\ZPlugs64\BlendShapesData\BlendShapesDLL.dll
Skipping unsupported debug type IMAGE_DEBUG_TYPE_POGO in module decimationmasterdll.dll...
Skipping unsupported debug type IMAGE_DEBUG_TYPE_ILTCG in module decimationmasterdll.dll...
Did not find any supported debug types in module decimationmasterdll.dll!
DLL Loaded: 0000000103700000 C:\Program Files\Maxon ZBrush 2026\ZData\ZPlugs64\DecimationMasterData\DecimationMasterDLL.dll
DLL Loaded: 00007FFE37D60000 C:\Program Files\Maxon ZBrush 2026\ZData\ZPlugs64\FBXExportImportData\FBXExportImportDLL.dll
Skipping unsupported debug type IMAGE_DEBUG_TYPE_POGO in module gozdll.dll...
Did not find any supported debug types in module gozdll.dll!
DLL Loaded: 000000011B330000 C:\Program Files\Maxon ZBrush 2026\ZData\ZPlugs64\GoZDLL.dll
[SYMBOL] No symbols loaded for: paintstopdll.dll
[TODO] Not implemented GUI_PROCESS_EVENTS (91)
[SYMBOL] [DIA] Skipping non-existent PDB: C:\Program Files\Maxon ZBrush 2026\ZData\ZPlugs64\PaintStopData\TransposeMasterDLL.pdb
[SYMBOL] No symbols loaded for: paintstopdll.dll
[SYMBOL] [DIA] Skipping non-existent PDB: C:\Program Files\Maxon ZBrush 2026\ZData\ZPlugs64\PaintStopData\paintstopdll.pdb
[SYMBOL] No symbols loaded for: paintstopdll.dll
[SYMBOL] [DIA] Skipping non-existent PDB: .\symbols\urlmon.pdb\C365A45BBD4E7EE605BFC7EC49AD017F1\urlmon.pdb
[SYMBOL] No symbols loaded for: urlmon.dll
[SYMBOL] [DIA] Skipping non-existent PDB: C:\Windows\System32\urlmon.pdb
[SYMBOL] No symbols loaded for: urlmon.dll
[SYMBOL] [DIA] Skipping non-existent PDB: C:\Windows\System32\urlmon.pdb
[SYMBOL] No symbols loaded for: urlmon.dll
[SYMBOL] [DIA] Skipping non-existent PDB: .\symbols\iertutil.pdb\80E159DBC18AA9E77F5F9A7DE4CD489F1\iertutil.pdb
[SYMBOL] No symbols loaded for: iertutil.dll
[SYMBOL] [DIA] Skipping non-existent PDB: C:\Windows\System32\iertutil.pdb
[SYMBOL] No symbols loaded for: iertutil.dll
[SYMBOL] [DIA] Skipping non-existent PDB: C:\Windows\System32\iertutil.pdb
[SYMBOL] No symbols loaded for: iertutil.dll
DLL Loaded: 00007FFE3BE40000 C:\Program Files\Maxon ZBrush 2026\ZData\ZPlugs64\PaintStopData\PaintStopDLL.dll
DLL Loaded: 00007FFEDDFC0000 C:\Windows\System32\urlmon.dll
[SYMBOL] [DIA] Skipping non-existent PDB: .\symbols\TransposeMasterDLL.pdb\C34F1AA4A29B4709859E1AEEA7816E821\TransposeMasterDLL.pdb
[SYMBOL] No symbols loaded for: transposemasterdll.dll
[TODO] Not implemented GUI_PROCESS_EVENTS (91)
[SYMBOL] [DIA] Skipping non-existent PDB: C:\gitlab-runner-zbrush\builds\PhSzstTx\0\maxondev\dev\zbrush\zbrush\zbrushsrc\code\build\win\bin\Release\TransposeMasterDLL.pdb
[SYMBOL] No symbols loaded for: transposemasterdll.dll
[SYMBOL] [DIA] Skipping non-existent PDB: C:\Program Files\Maxon ZBrush 2026\ZData\ZPlugs64\TransposeMasterData\TransposeMasterDLL.pdb
[SYMBOL] No symbols loaded for: transposemasterdll.dll
[SYMBOL] [DIA] Skipping non-existent PDB: C:\Program Files\Maxon ZBrush 2026\ZData\ZPlugs64\TransposeMasterData\transposemasterdll.pdb
[SYMBOL] No symbols loaded for: transposemasterdll.dll
[SYMBOL] [DIA] Skipping non-existent PDB: .\symbols\TransposeMasterDLL.pdb\C34F1AA4A29B4709859E1AEEA7816E821\TransposeMasterDLL.pdb
[SYMBOL] No symbols loaded for: subtoolmasterdll.dll
[SYMBOL] [DIA] Skipping non-existent PDB: C:\gitlab-runner-zbrush\builds\PhSzstTx\0\maxondev\dev\zbrush\zbrush\zbrushsrc\code\build\win\bin\Release\TransposeMasterDLL.pdb
[SYMBOL] No symbols loaded for: subtoolmasterdll.dll
DLL Loaded: 00007FFEDDBB0000 C:\Windows\System32\iertutil.dll
DLL Loaded: 00007FFE39840000 C:\Program Files\Maxon ZBrush 2026\ZData\ZPlugs64\TransposeMasterData\TransposeMasterDLL.dll
[SYMBOL] [DIA] Skipping non-existent PDB: C:\Program Files\Maxon ZBrush 2026\ZData\ZPlugs64\SubToolMasterData\TransposeMasterDLL.pdb
[TODO] Not implemented GUI_PROCESS_EVENTS (91)
[SYMBOL] No symbols loaded for: subtoolmasterdll.dll
[SYMBOL] [DIA] Skipping non-existent PDB: C:\Program Files\Maxon ZBrush 2026\ZData\ZPlugs64\SubToolMasterData\subtoolmasterdll.pdb
[SYMBOL] No symbols loaded for: subtoolmasterdll.dll
[SYMBOL] [DIA] Skipping non-existent PDB: .\symbols\ZCameraDLL.pdb\71F7443099B146AA80B0A44469B04F031\ZCameraDLL.pdb
[SYMBOL] No symbols loaded for: zcameradll.dll
[SYMBOL] [DIA] Skipping non-existent PDB: C:\gitlab-runner-zbrush\builds\PhSzstTx\0\maxondev\dev\zbrush\zbrush\zbrushsrc\code\build\win\bin\Release\ZCameraDLL.pdb
[SYMBOL] No symbols loaded for: zcameradll.dll
[SYMBOL] [DIA] Skipping non-existent PDB: C:\Program Files\Maxon ZBrush 2026\ZData\ZPlugs64\ZCameraData\ZCameraDLL.pdb
[SYMBOL] No symbols loaded for: zcameradll.dll
[SYMBOL] [DIA] Skipping non-existent PDB: C:\Program Files\Maxon ZBrush 2026\ZData\ZPlugs64\ZCameraData\zcameradll.pdb
[SYMBOL] No symbols loaded for: zcameradll.dll
[SYMBOL] [DIA] Skipping non-existent PDB: .\symbols\ApplicationTargetedFeatureDatabase.pdb\0CF860BACD7260702E8E4FA1EB032F391\ApplicationTargetedFeatureDatabase.pdb
DLL Loaded: 00007FFE39790000 C:\Program Files\Maxon ZBrush 2026\ZData\ZPlugs64\SubToolMasterData\SubToolMasterDLL.dll
Skipping unsupported debug type IMAGE_DEBUG_TYPE_POGO in module fontmanager.dll...
Skipping unsupported debug type IMAGE_DEBUG_TYPE_ILTCG in module fontmanager.dll...
Did not find any supported debug types in module fontmanager.dll!
DLL Loaded: 00007FFEC6C60000 C:\Program Files\Maxon ZBrush 2026\ZData\ZPlugs64\Text3DData\FontManager.dll
Skipping unsupported debug type IMAGE_DEBUG_TYPE_POGO in module zapplinkdll.dll...
Did not find any supported debug types in module zapplinkdll.dll!
DLL Loaded: 000000011B3A0000 C:\Program Files\Maxon ZBrush 2026\ZData\ZPlugs64\ZAppLinkData\ZAppLinkDLL.dll
DLL Loaded: 00007FFEC0A50000 C:\Program Files\Maxon ZBrush 2026\ZData\ZPlugs64\ZCameraData\ZCameraDLL.dll
[SYMBOL] No symbols loaded for: applicationtargetedfeaturedatabase.dll
[TODO] Not implemented GUI_PROCESS_EVENTS (91)
[SYMBOL] [DIA] Skipping non-existent PDB: C:\Windows\System32\ApplicationTargetedFeatureDatabase.pdb
[SYMBOL] No symbols loaded for: applicationtargetedfeaturedatabase.dll
[SYMBOL] [DIA] Skipping non-existent PDB: C:\Windows\System32\applicationtargetedfeaturedatabase.pdb
[SYMBOL] No symbols loaded for: applicationtargetedfeaturedatabase.dll
[SYMBOL] [DIA] Skipping non-existent PDB: .\symbols\OnDemandConnRouteHelper.pdb\08F898405D178952D40F2B77B8110AE21\OnDemandConnRouteHelper.pdb
[SYMBOL] No symbols loaded for: ondemandconnroutehelper.dll
[SYMBOL] [DIA] Skipping non-existent PDB: C:\Windows\System32\OnDemandConnRouteHelper.pdb
[SYMBOL] No symbols loaded for: ondemandconnroutehelper.dll
[SYMBOL] [DIA] Skipping non-existent PDB: C:\Windows\System32\ondemandconnroutehelper.pdb
[SYMBOL] No symbols loaded for: ondemandconnroutehelper.dll
[SYMBOL] [DIA] Skipping non-existent PDB: .\symbols\dpapi.pdb\A8E0B91B9D79C7093AF82F37E877AA921\dpapi.pdb
[SYMBOL] No symbols loaded for: dpapi.dll
DLL Loaded: 00007FFEB19A0000 C:\Windows\System32\ApplicationTargetedFeatureDatabase.dll
Skipping unsupported debug type IMAGE_DEBUG_TYPE_POGO in module zhpagelauncherdll.dll...
Skipping unsupported debug type IMAGE_DEBUG_TYPE_ILTCG in module zhpagelauncherdll.dll...
Did not find any supported debug types in module zhpagelauncherdll.dll!
DLL Loaded: 00007FFE396C0000 C:\Program Files\Maxon ZBrush 2026\ZData\ZPlugs64\ZHomePageData\ZHPageLauncherDLL.dll
DLL Loaded: 00007FFED9000000 C:\Windows\System32\OnDemandConnRouteHelper.dll
[SYMBOL] [DIA] Skipping non-existent PDB: C:\Windows\System32\dpapi.pdb
[SYMBOL] No symbols loaded for: dpapi.dll
[TODO] Not implemented GUI_PROCESS_EVENTS (91)
[SYMBOL] [DIA] Skipping non-existent PDB: C:\Windows\System32\dpapi.pdb
[SYMBOL] No symbols loaded for: dpapi.dll
[SYMBOL] [DIA] Skipping non-existent PDB: .\symbols\schannel.pdb\ADAF1CF5CD2CF600B61516C63FD7FD561\schannel.pdb
[SYMBOL] No symbols loaded for: schannel.dll
[SYMBOL] [DIA] Skipping non-existent PDB: C:\Windows\System32\schannel.pdb
[SYMBOL] No symbols loaded for: schannel.dll
[SYMBOL] [DIA] Skipping non-existent PDB: C:\Windows\System32\schannel.pdb
[SYMBOL] No symbols loaded for: schannel.dll
[SYMBOL] [DIA] Skipping non-existent PDB: .\symbols\ncrypt.pdb\E72975EE75DA459ECE2B1171923AA56F1\ncrypt.pdb
[SYMBOL] No symbols loaded for: ncrypt.dll
[SYMBOL] [DIA] Skipping non-existent PDB: C:\Windows\System32\ncrypt.pdb
[SYMBOL] No symbols loaded for: ncrypt.dll
[SYMBOL] [DIA] Skipping non-existent PDB: C:\Windows\System32\ncrypt.pdb
[SYMBOL] No symbols loaded for: ncrypt.dll
[SYMBOL] [DIA] Skipping non-existent PDB: .\symbols\ntasn1.pdb\5858845AC890E5F0CB04F2303DD78B3E1\ntasn1.pdb
[SYMBOL] No symbols loaded for: ntasn1.dll
[SYMBOL] [DIA] Skipping non-existent PDB: C:\Windows\System32\ntasn1.pdb
[SYMBOL] No symbols loaded for: ntasn1.dll
DLL Loaded: 00007FFF05010000 C:\Windows\System32\dpapi.dll
DLL Loaded: 00007FFF03F60000 C:\Windows\System32\schannel.dll
DLL Loaded: 00007FFF04C30000 C:\Windows\System32\ncrypt.dll
[SYMBOL] [DIA] Skipping non-existent PDB: C:\Windows\System32\ntasn1.pdb
[SYMBOL] No symbols loaded for: ntasn1.dll
[TODO] Not implemented GUI_PROCESS_EVENTS (91)
[SYMBOL] [DIA] Skipping non-existent PDB: .\symbols\ncryptsslp.pdb\F1542AA233298530113AADB881CA63F41\ncryptsslp.pdb
[SYMBOL] No symbols loaded for: ncryptsslp.dll
[SYMBOL] [DIA] Skipping non-existent PDB: C:\Windows\System32\ncryptsslp.pdb
[SYMBOL] No symbols loaded for: ncryptsslp.dll
[SYMBOL] [DIA] Skipping non-existent PDB: C:\Windows\System32\ncryptsslp.pdb
[SYMBOL] No symbols loaded for: ncryptsslp.dll
[SYMBOL] [DIA] Skipping non-existent PDB: .\symbols\msoxmlmf.pdb\DD483172A2C148C98C973F4AF9EDC5C12\msoxmlmf.pdb
[SYMBOL] No symbols loaded for: msoxmlmf.dll
[SYMBOL] [DIA] Skipping non-existent PDB: d:\dbs\el\omr\target\x64\ship\xdext\x-none\msoxmlmf.pdb
[SYMBOL] No symbols loaded for: msoxmlmf.dll
[SYMBOL] [DIA] Skipping non-existent PDB: C:\Program Files\Microsoft Office\root\vfs\ProgramFilesCommonX64\Microsoft Shared\OFFICE16\msoxmlmf.pdb
[SYMBOL] No symbols loaded for: msoxmlmf.dll
[SYMBOL] [DIA] Skipping non-existent PDB: C:\Program Files\Microsoft Office\root\vfs\ProgramFilesCommonX64\Microsoft Shared\OFFICE16\msoxmlmf.pdb
DLL Loaded: 00007FFF04BE0000 C:\Windows\System32\ntasn1.dll
DLL Loaded: 00007FFEDA4B0000 C:\Windows\System32\ncryptsslp.dll
[SYMBOL] No symbols loaded for: msoxmlmf.dll
[TODO] Not implemented GUI_PROCESS_EVENTS (91)
[TODO] Not implemented GUI_SET_LAST_EXCEPTION (37)
[STATE] paused
[STATE] paused
DLL Loaded: 00007FFED74E0000 C:\Program Files\Microsoft Office\root\vfs\ProgramFilesCommonX64\Microsoft Shared\OFFICE16\MSOXMLMF.DLL
EXCEPTION_DEBUG_INFO:
           dwFirstChance: 1
           ExceptionCode: E06D7363 (CPP_EH_EXCEPTION)
          ExceptionFlags: 00000081
        ExceptionAddress: kernelbase.00007FFF05FD73FA
        NumberParameters: 4
ExceptionInformation[00]: 0000000019930520
ExceptionInformation[01]: 00000000088FF6B0
ExceptionInformation[02]: mxtaplib.00007FFE3D900D28
ExceptionInformation[03]: mxtaplib.00007FFE3D860000
First chance exception on 00007FFF05FD73FA (E06D7363, CPP_EH_EXCEPTION)!
Stopping running debuggee...
[STATE] stopped
Thread 17172 exit
Thread 10984 exit
Thread 20676 exit
Thread 7952 exit
Thread 14548 exit
Thread 13964 exit
Thread 21952 exit
Thread 19828 exit
Thread 24328 exit
Thread 27236 exit
Thread 27304 exit
Thread 24396 exit
Thread 13144 exit
Thread 5716 exit
Thread 25800 exit
Thread 12160 exit
Thread 24368 exit
Thread 26712 exit
Thread 14508 exit
Thread 13288 exit
Thread 14028 exit
Thread 12120 exit
Thread 27588 exit
Thread 10272 exit
Thread 7344 exit
Thread 17108 exit
Thread 8556 exit
Thread 6476 exit
Thread 4360 exit
Thread 24200 exit
Thread 11844 exit
Thread 17728 exit
Thread 12124 exit
Thread 13764 exit
Thread 14924 exit
Thread 17836 exit
Thread 23044 exit
Thread 6244 exit
Thread 14516 exit
Thread 18968 exit
Thread 6052 exit
Thread 20432 exit
Thread 2276 exit
Thread 18592 exit
Thread 26580 exit
Thread 7112 exit
Thread 3992 exit
Thread 2700 exit
Thread 19252 exit
Thread 9568 exit
Thread 23640 exit
Thread 15212 exit
Thread 10504 exit
Thread 2816 exit
Thread 10392 exit
Thread 7436 exit
Thread 13248 exit
Thread 6028 exit
Thread 3300 exit
Thread 4060 exit
Thread 17072 exit
Thread 23776 exit
Thread 9968 exit
Thread 8780 exit
Thread 18728 exit
Thread 2972 exit
Thread 9156 exit
Thread 10228 exit
Thread 26164 exit
Thread 16844 exit
Thread 7652 exit
Thread 10904 exit
Thread 26136 exit
Thread 516 exit
Thread 5544 exit
Thread 6816 exit
Thread 9916 exit
Thread 6932 exit
Thread 5656 exit
Thread 22796 exit
Thread 3424 exit
Thread 4252 exit
Thread 2328 exit
Thread 13160 exit
Thread 6780 exit
Thread 3448 exit
Thread 22928 exit
Thread 9196 exit
Thread 23132 exit
Thread 672 exit
Thread 5896 exit
Thread 7228 exit
Thread 3656 exit
Thread 8624 exit
Thread 4112 exit
Thread 3684 exit
Thread 7648 exit
Thread 652 exit
Thread 15596 exit
Thread 26668 exit
Thread 23772 exit
Thread 18648 exit
Thread 7252 exit
Thread 26740 exit
Thread 17140 exit
Thread 24704 exit
Thread 7220 exit
Thread 22872 exit
Thread 11364 exit
Process stopped with exit code 0x0 (0)
Saving database to C:\Users\liuwenbo\Desktop\zb插件\_tools\x64dbg\release\x64\headless\db\ZBrush.exe.dd64 0ms
Debugging stopped!
Aborting scripts...
Unloading plugins...
Cleaning up allocated data...
Cleaning up wait objects...
Cleaning up debugger threads...
Sav